Наименование;Юридическое наименование;ИНН;Телефон;Юридический адрес
"ГКОУ РД ""ХАСАВЮРТОВСКАЯ ШКОЛА-ИНТЕРНАТ № 9""";"ГОСУДАРСТВЕННОЕ КАЗЕННОЕ ОБЩЕОБРАЗОВАТЕЛЬНОЕ УЧРЕЖДЕНИЕ РД ""ХАСАВЮРТОВСКАЯ ШКОЛА-ИНТЕРНАТ № 9""";0544020210;8 (87231) 5-13-30;368001, ДАГЕСТАН РЕСПУБЛИКА, ГОРОД ХАСАВЮРТ, ПЕРЕУЛОК ШКОЛЬНЫЙ, 2
"ГКОУ РД ""КГИ ""КУЛЬТУРА МИРА""";"ГОСУДАРСТВЕННОЕ КАЗЕННОЕ ОБЩЕОБРАЗОВАТЕЛЬНОЕ УЧРЕЖДЕНИЕ РЕСПУБЛИКИ ДАГЕСТАН ""КИЗЛЯРСКАЯ ГИМНАЗИЯ-ИНТЕРНАТ ""КУЛЬТУРА МИРА""";0547001417;8 (87239) 2-36-87;368830, ДАГЕСТАН РЕСП, КИЗЛЯР Г, ЦИОЛКОВСКОГО УЛ, 1, А
"ГКОУ РД ""БСШИ ИМ. М. Г. ГАМЗАТОВА""";"ГОСУДАРСТВЕННОЕ КАЗЕННОЕ ОБЩЕОБРАЗОВАТЕЛЬНОЕ УЧРЕЖДЕНИЕ РЕСПУБЛИКИ ДАГЕСТАН ""БАВТУГАЙСКАЯ  СПЕЦИАЛИЗИРОВАННАЯ ШКОЛА - ИНТЕРНАТ ИМ. М. Г. ГАМЗАТОВА""";0546011349;8 (888) 888-88-88;368101, ДАГЕСТАН РЕСП, КИЗИЛЮРТ Г, БАВТУГАЙ ПГТ, ИНТЕРНАТСКАЯ УЛ
"ГКОУ РД ""ОБЩЕОБРАЗОВАТЕЛЬНАЯ ШКОЛА-ИНТЕРНАТ С.ЧЕРНЯЕВКА""";"ГОСУДАРСТВЕННОЕ КАЗЕННОЕ ОБЩЕОБРАЗОВАТЕЛЬНОЕ УЧРЕЖДЕНИЕ РЕСПУБЛИКИ ДАГЕСТАН ""ОБЩЕОБРАЗОВАТЕЛЬНАЯ ШКОЛА-ИНТЕРНАТ С.ЧЕРНЯЕВКА""";0517000617;5-51-84;368812, ДАГЕСТАН РЕСПУБЛИКА, РАЙОН КИЗЛЯРСКИЙ, СЕЛО ЧЕРНЯЕВКА
"ГКОУ РД""КИКУНИКУТАНСКАЯ ООШ ГЕРГЕБИЛЬСКОГО РАЙОНА""";"ГОСУДАРСТВЕННОЕ КАЗЕННОЕ ОБЩЕОБРАЗОВАТЕЛЬНОЕ УЧРЕЖДЕНИЕ РЕСПУБЛИКИ ДАГЕСТАН ""КИКУНИКУТАНСКАЯ ОСНОВНАЯ ОБЩЕОБРАЗОВАТЕЛЬНАЯ ШКОЛА ГЕРГЕБИЛЬСКОГО РАЙОНА""";0508008641;8 (928) 525-71-45;368241, ДАГЕСТАН РЕСП, ГЕРГЕБИЛЬСКИЙ Р-Н, КИКУНИ С, ЦЕНТРАЛЬНАЯ УЛ, ДОМ 7
"ГКОУ РД ""ДЖУГУТСКАЯ ООШ БОТЛИХСКОГО РАЙОНА""";"ГОСУДАРСТВЕННОЕ КАЗЕННОЕ ОБЩЕОБРАЗОВАТЕЛЬНОЕ УЧРЕЖДЕНИЕ РЕСПУБЛИКИ ДАГЕСТАН ""ДЖУГУТСКАЯ ОСНОВНАЯ ОБЩЕОБРАЗОВАТЕЛЬНАЯ ШКОЛА БОТЛИХСКОГО РАЙОНА""";0546019683;8 (928) 585-73-04;368124, ДАГЕСТАН РЕСП, КИЗИЛЮРТ Г, МАЛАГУСЕЙНОВА УЛ, ДОМ 72
"ГКОУ РД ""СВЕРДЛОВСКАЯ СОШ ТЛЯРАТИНСКОГО РАЙОНА""";"ГОСУДАРСТВЕННОЕ КАЗЕННОЕ ОБЩЕОБРАЗОВАТЕЛЬНОЕ УЧРЕЖДЕНИЕ РЕСПУБЛИКИ ДАГЕСТАН ""СВЕРДЛОВСКАЯ СРЕДНЯЯ ОБЩЕОБРАЗОВАТЕЛЬНАЯ ШКОЛА ТЛЯРАТИНСКОГО РАЙОНА""";0505008570;8 (928) 978-94-92;368420, ДАГЕСТАН РЕСП, ТЛЯРАТИНСКИЙ Р-Н, КУТЛАБ С, ШАМИЛЯ МАГОМЕДОВА УЛ, ДОМ 185
"ГКОУ РД ""СОШ БОТЛИХСКОГО РАЙОНА""";"ГОСУДАРСТВЕННОЕ КАЗЕННОЕ ОБЩЕОБРАЗОВАТЕЛЬНОЕ УЧРЕЖДЕНИЕ РЕСПУБЛИКИ ДАГЕСТАН ""СРЕДНЯЯ ОБЩЕОБРАЗОВАТЕЛЬНАЯ ШКОЛА БОТЛИХСКОГО РАЙОНА""";0505008562;8 (928) 063-36-64;368974, ДАГЕСТАН РЕСПУБЛИКА, РАЙОН БОТЛИХСКИЙ, СЕЛО АЛАК
"ГКОУ РД ""АЙТХАНСКАЯ СОШ БОТЛИХСКОГО РАЙОНА""";"ГОСУДАРСТВЕННОЕ КАЗЕННОЕ ОБЩЕОБРАЗОВАТЕЛЬНОЕ УЧРЕЖДЕНИЕ РЕСПУБЛИКИ ДАГЕСТАН ""АЙТХАНСКАЯ СРЕДНЯЯ ОБЩЕОБРАЗОВАТЕЛЬНАЯ ШКОЛА БОТЛИХСКОГО РАЙОНА""";0505008178;8 (928) 565-19-94;368977, ДАГЕСТАН РЕСПУБЛИКА, РАЙОН БОТЛИХСКИЙ, СЕЛО АШАЛИ
"ГКОУ РД ""КУБИНСКАЯ СОШ ЛАКСКОГО РАЙОНА""";"ГОСУДАРСТВЕННОЕ КАЗЕННОЕ ОБЩЕОБРАЗОВАТЕЛЬНОЕ УЧРЕЖДЕНИЕ РЕСПУБЛИКИ ДАГЕСТАН ""КУБИНСКАЯ СРЕДНЯЯ ОБЩЕОБРАЗОВАТЕЛЬНАЯ ШКОЛА ЛАКСКОГО РАЙОНА""";0505008202;8 (928) 839-75-42;368362, ДАГЕСТАН РЕСП, ЛАКСКИЙ Р-Н, ТУРЗАН С, д
"ГКОУ РД ""ЩЕДРИНСКАЯ СОШ ТЛЯРАТИНСКОГО РАЙОНА""";"ГОСУДАРСТВЕННОЕ КАЗЕННОЕ ОБЩЕОБРАЗОВАТЕЛЬНОЕ УЧРЕЖДЕНИЕ РЕСПУБЛИКИ ДАГЕСТАН ""ЩЕДРИНСКАЯ СРЕДНЯЯ ОБЩЕОБРАЗОВАТЕЛЬНАЯ ШКОЛА ТЛЯРАТИНСКОГО РАЙОНА""";0532140915;8 (928) 678-99-21;368427, ДАГЕСТАН РЕСПУБЛИКА, РАЙОН ТЛЯРАТИНСКИЙ, СЕЛО ШИДИБ, УЛИЦА ШИДИБСКАЯ, ДОМ 10
"ГКОУ РД ""НОВОЦАТАНИХСКАЯ СОШ УНЦУКУЛЬСКОГО РАЙОНА""";"ГОСУДАРСТВЕННОЕ КАЗЕННОЕ ОБЩЕОБРАЗОВАТЕЛЬНОЕ УЧРЕЖДЕНИЕ РЕСПУБЛИКИ ДАГЕСТАН ""НОВОЦАТАНИХСКАЯ СРЕДНЯЯ ОБЩЕОБРАЗОВАТЕЛЬНАЯ ШКОЛА УНЦУКУЛЬСКОГО РАЙОНА""";0505008019;8 (928) 805-42-32;368946, ДАГЕСТАН РЕСП, УНЦУКУЛЬСКИЙ , С ЦАТАНИХ, Д
"ГКОУ РД ""ИБРАГИМОТАРСКАЯ СОШ ТЛЯРАТИНСКОГО РАЙОНА""";"ГОСУДАРСТВЕННОЕ КАЗЕННОЕ ОБЩЕОБРАЗОВАТЕЛЬНОЕ УЧРЕЖДЕНИЕ РЕСПУБЛИКИ ДАГЕСТАН ""ИБРАГИМОТАРСКАЯ СРЕДНЯЯ ОБЩЕОБРАЗОВАТЕЛЬНАЯ ШКОЛА ТЛЯРАТИНСКОГО РАЙОНА""";0532140714;8 (928) 567-80-83;368423, ДАГЕСТАН РЕСП, ТЛЯРАТИНСКИЙ Р-Н, ГИНДИБ С, ШЕЙХА ШАХБАНА УЛ, ДОМ 1
"ГКОУ РД ""ТУРШУНАЙСКАЯ ООШ КАЗБЕКОВСКОГО РАЙОНА""";"ГОСУДАРСТВЕННОЕ КАЗЕННОЕ ОБЩЕОБРАЗОВАТЕЛЬНОЕ УЧРЕЖДЕНИЕ РЕСПУБЛИКИ ДАГЕСТАН ""ТУРШУНАЙСКАЯ ОСНОВНАЯ ОБЩЕОБРАЗОВАТЕЛЬНАЯ ШКОЛА КАЗБЕКОВСКОГО РАЙОНА""";0505007784;;368085, ДАГЕСТАН РЕСП, КАЗБЕКОВСКИЙ Р-Н, АРТЛУХ С, Д
"ГКОУ РД ""НОВОБУХТЫНСКАЯ СРЕДНЯЯ ОБЩЕОБРАЗОВАТЕЛЬНАЯ ШКОЛА ГУНИБСКОГО РАЙОНА""";"ГОСУДАРСТВЕННОЕ КАЗЕННОЕ ОБЩЕОБРАЗОВАТЕЛЬНОЕ УЧРЕЖДЕНИЕ РЕСПУБЛИКИ ДАГЕСТАН ""НОВОБУХТЫНСКАЯ СРЕДНЯЯ ОБЩЕОБРАЗОВАТЕЛЬНАЯ ШКОЛА ГУНИБСКОГО РАЙОНА""";0510008889;8 (928) 800-05-27;368355, ДАГЕСТАН РЕСП, ГУНИБСКИЙ Р-Н, БУХТЫ С, 0
"ГКОУ РД ""ГГИМХО""";"ГОСУДАРСТВЕННОЕ КАЗЕННОЕ ОБЩЕОБРАЗОВАТЕЛЬНОЕ УЧРЕЖДЕНИЕ РЕСПУБЛИКИ ДАГЕСТАН ""ГОСУДАРСТВЕННАЯ ГИМНАЗИЯ-ИНТЕРНАТ МУЗЫКАЛЬНО-ХОРЕОГРАФИЧЕСКОГО ОБРАЗОВАНИЯ Г.КАСПИЙСК""";0545011138;8 (87246) 6-72-91;368300, ДАГЕСТАН РЕСП, КАСПИЙСК Г, ОРДЖОНИКИДЗЕ УЛ, 6
"ГКОУ РД ""БУДЕНОВСКАЯ ООШ АХВАХСКОГО РАЙОНА""";"ГОСУДАРСТВЕННОЕ КАЗЕННОЕ ОБЩЕОБРАЗОВАТЕЛЬНОЕ УЧРЕЖДЕНИЕ РЕСПУБЛИКИ ДАГЕСТАН ""БУДЕНОВСКАЯ ОСНОВНАЯ ОБЩЕОБРАЗОВАТЕЛЬНАЯ ШКОЛА ""АХВАХСКОГО РАЙОНА""";0534029768;8 (963) 413-47-14;368000, ДАГЕСТАН РЕСП, ХАСАВЮРТОВСКИЙ Р-Н, БУДЕНОВКА С, д
"ГКОУ РД ""КСОШИ""";"ГОСУДАРСТВЕННОЕ КАЗЕННОЕ ОБЩЕОБРАЗОВАТЕЛЬНОЕ УЧРЕЖДЕНИЕ РЕСПУБЛИКИ ДАГЕСТАН ""КОЧУБЕЙСКАЯ СРЕДНЯЯ ОБЩЕОБРАЗОВАТЕЛЬНАЯ ШКОЛА-ИНТЕРНАТ""";0531003881;2-15-30;368880, ДАГЕСТАН РЕСПУБЛИКА, РАЙОН ТАРУМОВСКИЙ, СЕЛО КОЧУБЕЙ, ПЕРЕУЛОК ИНТЕРНАТСКИЙ, 3
"ГКОУ РД ""БСШИ №3""";"ГОСУДАРСТВЕННОЕ КАЗЕННОЕ ОБЩЕОБРАЗОВАТЕЛЬНОЕ УЧРЕЖДЕНИЕ РЕСПУБЛИКИ ДАГЕСТАН ""БУЙНАКСКАЯ СРЕДНЯЯ ШКОЛА-ИНТЕРНАТ №3""";0543013450;2-23-49;368222, ДАГЕСТАН РЕСПУБЛИКА, ГОРОД БУЙНАКСК, УЛИЦА ЛЕСНАЯ
"ГКОУ РД ""БСШИ №7""";"ГОСУДАРСТВЕННОЕ КАЗЕННОЕ ОБЩЕОБРАЗОВАТЕЛЬНОЕ УЧРЕЖДЕНИЕ РЕСПУБЛИКИ ДАГЕСТАН ""БУЙНАКСКАЯ САНАТОРНАЯ  ШКОЛА-ИНТЕРНАТ №7""";0543001134;2-12-44;368222, ДАГЕСТАН РЕСП, БУЙНАКСК Г, В.МАРИЕНКО УЛ, 5
"ГКОУ РД ""ОБЩЕОБРАЗОВАТЕЛЬНАЯ СРЕДНЯЯ ШКОЛА-ИНТЕРНАТ №6""";"ГОСУДАРСТВЕННОЕ КАЗЕННОЕ ОБЩЕОБРАЗОВАТЕЛЬНОЕ УЧРЕЖДЕНИЕ РЕСПУБЛИКИ ДАГЕСТАН ""ОБЩЕОБРАЗОВАТЕЛЬНАЯ СРЕДНЯЯ ШКОЛА-ИНТЕРНАТ №6""";0542009645;2-51-35;368608, ДАГЕСТАН РЕСП, ДЕРБЕНТ Г, ГЕЙДАРА АЛИЕВА УЛ, 8/14
"ГКОУ РД ""НОВОЦОЛОДИНСКАЯ СОШ АХВАХСКОГО РАЙОНА""";"ГОСУДАРСТВЕННОЕ КАЗЕННОЕ ОБЩЕОБРАЗОВАТЕЛЬНОЕ УЧРЕЖДЕНИЕ РЕСПУБЛИКИ ДАГЕСТАН ""НОВОЦОЛОДИНСКАЯ СРЕДНЯЯ ОБЩЕОБРАЗОВАТЕЛЬНАЯ ШКОЛА АХВАХСКОГО РАЙОНА""";0534029782;8 (928) 974-01-01;368016, ДАГЕСТАН РЕСП, ХАСАВЮРТОВСКИЙ Р-Н, ХАМАВЮРТ С, д
"ГКОУ РД ""НОВОХУШТАДИНСКАЯ СОШ ЦУМАДИНСКОГО РАЙОНА""";"ГОСУДАРСТВЕННОЕ КАЗЕННОЕ ОБЩЕОБРАЗОВАТЕЛЬНОЕ УЧРЕЖДЕНИЕ РЕСПУБЛИКИ ДАГЕСТАН ""НОВОХУШТАДИНСКАЯ СРЕДНЯЯ ОБЩЕОБРАЗОВАТЕЛЬНАЯ ШКОЛА ЦУМАДИНСКОГО РАЙОНА""";0534029856;8 (928) 481-96-31;368904, ДАГЕСТАН РЕСПУБЛИКА, РАЙОН ЦУМАДИНСКИЙ, СЕЛО ХУШТАДА, УЛИЦА АЭРОФЛОТСКАЯ, ДОМ 47
"ГКОУ РД ""ГОРЬКОВСКАЯ ООШ УНЦУКУЛЬСКОГО РАЙОНА""";"ГОСУДАРСТВЕННОЕ КАЗЕННОЕ ОБЩЕОБРАЗОВАТЕЛЬНОЕ УЧРЕЖДЕНИЕ РЕСПУБЛИКИ ДАГЕСТАН ""ГОРЬКОВСКАЯ ОСНОВНАЯ ОБЩЕОБРАЗОВАТЕЛЬНАЯ ШКОЛА УНЦУКУЛЬСКОГО РАЙОНА""";0534029736;8 (888) 888-88-88;368015, ДАГЕСТАН РЕСП, ХАСАВЮРТОВСКИЙ Р-Н, КАЗМААУЛ С, УЛ
"ГКОУ РД ""ДЕРБЕНТСКАЯ ШКОЛА-ИНТЕРНАТ №2""";"ГОСУДАРСТВЕННОЕ КАЗЕННОЕ ОБЩЕОБРАЗОВАТЕЛЬНОЕ УЧРЕЖДЕНИЕ РЕСПУБЛИКИ ДАГЕСТАН ""ДЕРБЕНТСКАЯ ШКОЛА-ИНТЕРНАТ №2""";0542012239;2-13-84;368608, ДАГЕСТАН РЕСП, ДЕРБЕНТ Г, Х.ТАГИЕВА УЛ, 1
"ГКОУ РД ""БАБАЮРТОВСКАЯ СШИ №11""";"ГОСУДАРСТВЕННОЕ КАЗЕННОЕ ОБЩЕОБРАЗОВАТЕЛЬНОЕ УЧРЕЖДЕНИЕ РЕСПУБЛИКИ ДАГЕСТАН ""БАБАЮРТОВСКАЯ СРЕДНЯЯ ШКОЛА-ИНТЕРНАТ №11""";0505005868;2-19-36;368060, ДАГЕСТАН РЕСПУБЛИКА, РАЙОН БАБАЮРТОВСКИЙ, СЕЛО БАБАЮРТ, УЛИЦА ШПИГУНА, ДОМ 7
"""ГКОУ РД ""ПЯТЬ СТОРОН СВЕТА"" ГУСЕЙНА И ОЛЬГИ МАГОМАЕВЫХ""";"ГОСУДАРСТВЕННОЕ КАЗЕННОЕ ОБЩЕОБРАЗОВАТЕЛЬНОЕ УЧРЕЖДЕНИЕ РЕСПУБЛИКИ ДАГЕСТАН ""ОБЩЕОБРАЗОВАТЕЛЬНАЯ СПОРТИВНАЯ ШКОЛА-ИНТЕРНАТ ""ПЯТЬ СТОРОН СВЕТА"" ГУСЕЙНА И ОЛЬГИ МАГОМАЕВЫХ""";0507017058;8 (988) 212-39-06;368215, ДАГЕСТАН РЕСПУБЛИКА, РАЙОН БУЙНАКСКИЙ, СЕЛО ХАЛИМБЕКАУЛ, УЛИЦА ХАЛИЛА ДАЛГАТОВА, ДОМ 17
"ГКОУ РД ""РЕСПУБЛИКАНСКАЯ СПЕЦИАЛЬНАЯ (КОРРЕКЦИОННАЯ) ШКОЛА-ИНТЕРНАТ VIII ВИДА""";"ГОСУДАРСТВЕННОЕ КАЗЕННОЕ ОБЩЕОБРАЗОВАТЕЛЬНОЕ УЧРЕЖДЕНИЕ РЕСПУБЛИКИ ДАГЕСТАН ""РЕСПУБЛИКАНСКАЯ СПЕЦИАЛЬНАЯ (КОРРЕКЦИОННАЯ) ШКОЛА-ИНТЕРНАТ VIII ВИДА""";0523000855;8 (872) 352-50-55;368780, ДАГЕСТАН РЕСПУБЛИКА, РАЙОН МАГАРАМКЕНТСКИЙ, СЕЛО МАГАРАМКЕНТ, УЛИЦА КОМСОМОЛЬСКАЯ
"ГКОУ РД ""КУРМИНСКАЯ СШИ""";"ГОСУДАРСТВЕННОЕ КАЗЕННОЕ ОБЩЕОБРАЗОВАТЕЛЬНОЕ УЧРЕЖДЕНИЕ РЕСПУБЛИКИ ДАГЕСТАН ""КУРМИНСКАЯ СРЕДНЯЯ  ШКОЛА - ИНТЕРНАТ""";0508005841;;368253, ДАГЕСТАН РЕСПУБЛИКА, РАЙОН ГЕРГЕБИЛЬСКИЙ, СЕЛО КУРМИ, УЛИЦА ИМАМА ШАМИЛЯ, ДОМ 12
"ГКОУ РД ""СОГ АХВАХСКОГО РАЙОНА""";"ГОСУДАРСТВЕННОЕ КАЗЕННОЕ ОБЩЕОБРАЗОВАТЕЛЬНОЕ УЧРЕЖДЕНИЕ РЕСПУБЛИКИ ДАГЕСТАН ""СРЕДНЯЯ ОБЩЕОБРАЗОВАТЕЛЬНАЯ ГИМНАЗИЯ АХВАХСКОГО РАЙОНА""";0534029711;8 (963) 416-95-83;368045, ДАГЕСТАН РЕСПУБЛИКА, РАЙОН ХАСАВЮРТОВСКИЙ, СЕЛО ТУКИТА
"ГКОУ РД ""БУТУШСКАЯ СОШ""";"ГОСУДАРСТВЕННОЕ КАЗЕННОЕ ОБЩЕОБРАЗОВАТЕЛЬНОЕ УЧРЕЖДЕНИЕ РЕСПУБЛИКИ ДАГЕСТАН ""БУТУШСКАЯ СРЕДНЯЯ ОБЩЕОБРАЗОВАТЕЛЬНАЯ ШКОЛА - САД""";0505006727;2-12-08;368028, ДАГЕСТАН РЕСП, БАБАЮРТОВСКИЙ, с Бабаюрт, д
"ГКОУ РД ""КСКОШИ""";"ГОСУДАРСТВЕННОЕ КАЗЕННОЕ ОБЩЕОБРАЗОВАТЕЛЬНОЕ УЧРЕЖДЕНИЕ РЕСПУБЛИКИ ДАГЕСТАН ""КАРАБУДАХКЕНТСКАЯ СПЕЦИАЛЬНАЯ (КОРРЕКЦИОННАЯ) ОБЩЕОБРАЗОВАТЕЛЬНАЯ ШКОЛА ИНТЕРНАТ""";0522008940;8 (928) 570-08-05;368530, ДАГЕСТАН РЕСПУБЛИКА, РАЙОН КАРАБУДАХКЕНТСКИЙ, СЕЛО КАРАБУДАХКЕНТ, УЛИЦА ВАЛЕНТИНЫ АБДУЛЛАЕВОЙ, 12
"ГКОУ РД ""СОШ АХВАХСКОГО РАЙОНА""";"ГОСУДАРСТВЕННОЕ КАЗЕННОЕ ОБЩЕОБРАЗОВАТЕЛЬНОЕ УЧРЕЖДЕНИЕ РЕСПУБЛИКИ ДАГЕСТАН ""СРЕДНЯЯ ОБЩЕОБРАЗОВАТЕЛЬНАЯ ШКОЛА АХВАХСКОГО РАЙОНА""";0503005559;8 (928) 683-55-96;368998, ДАГЕСТАН РЕСПУБЛИКА, РАЙОН АХВАХСКИЙ, СЕЛО МЕСТЕРУХ
"ГКОУ РД ""ВСОШ №12""";"ГОСУДАРСТВЕННОЕ КАЗЕННОЕ ОБЩЕОБРАЗОВАТЕЛЬНОЕ УЧРЕЖДЕНИЕ РЕСПУБЛИКИ ДАГЕСТАН ""ВЕЧЕРНЯЯ (СМЕННАЯ) ОБЩЕОБРАЗОВАТЕЛЬНАЯ ШКОЛА № 12""";0561046120;8 (928) 546-63-65;367010, ДАГЕСТАН РЕСП, МАХАЧКАЛА Г, АМЕТ-ХАНА СУЛТАНА ПР-КТ, 18
"ГКОУ РД ""ГО ШИ №2""";"ГОСУДАРСТВЕННОЕ КАЗЕННОЕ  ОБЩЕОБРАЗОВАТЕЛЬНОЕ УЧРЕЖДЕНИЕ РЕСПУБЛИКИ ДАГЕСТАН ""ГОСУДАРСТВЕННАЯ ОБЩЕОБРАЗОВАТЕЛЬНАЯ ШКОЛА-ИНТЕРНАТ №2""";0545011434;8 (87246) 5-18-15;368300, ДАГЕСТАН РЕСПУБЛИКА, ГОРОД КАСПИЙСК, УЛИЦА ОКТЯБРЬСКАЯ, 9
"ГКОУ РД ""НОВОУРАДИНСКАЯ СОШ ШАМИЛЬСКОГО РАЙОНА""";"ГОСУДАРСТВЕННОЕ КАЗЕННОЕ ОБЩЕОБРАЗОВАТЕЛЬНОЕ УЧРЕЖДЕНИЕ РЕСПУБЛИКИ ДАГЕСТАН ""НОВОУРАДИНСКАЯ СРЕДНЯЯ ОБЩЕОБРАЗОВАТЕЛЬНАЯ ШКОЛА ШАМИЛЬСКОГО РАЙОНА""";0528007974;8 (928) 531-50-76;368436, ДАГЕСТАН РЕСПУБЛИКА, РАЙОН ШАМИЛЬСКИЙ, СЕЛО УРАДА, УЛИЦА ИМ. ТАНКАЕВА, ДОМ 22
"ГКОУ РД ""НАГУРАТЛИНСКАЯ СОШ ГУНИБСКОГО РАЙОНА""";"ГОСУДАРСТВЕННОЕ КАЗЕННОЕ ОБЩЕОБРАЗОВАТЕЛЬНОЕ УЧРЕЖДЕНИЕ РЕСПУБЛИКИ ДАГЕСТАН ""НАГУРАТЛИНСКАЯ СРЕДНЯЯ ОБЩЕОБРАЗОВАТЕЛЬНАЯ ШКОЛА ГУНИБСКОГО РАЙОНА""";0516008405;8 (928) 684-31-99;368350, ДАГЕСТАН РЕСП, ГУНИБСКИЙ Р-Н, ЧОХ С, ДОМ 0
"ГКОУ РД ""НОВОМЕГЕБСКАЯ ООШ ГУНИБСКОГО РАЙОНА""";"ГОСУДАРСТВЕННОЕ КАЗЕННОЕ ОБЩЕОБРАЗОВАТЕЛЬНОЕ УЧРЕЖДЕНИЕ РЕСПУБЛИКИ ДАГЕСТАН ""НОВОМЕГЕБСКАЯ ОСНОВНАЯ ОБЩЕОБРАЗОВАТЕЛЬНАЯ ШКОЛА ГУНИБСКОГО РАЙОНА""";0510008857;8 (988) 454-66-66;368352, ДАГЕСТАН РЕСП, ГУНИБСКИЙ Р-Н, МЕГЕБ С, 0
"ГКОУ РД ""САФАРАЛИНСКАЯ СОШ ГУНИБСКОГО РАЙОНА""";"ГОСУДАРСТВЕННОЕ КАЗЕННОЕ ОБЩЕОБРАЗОВАТЕЛЬНОЕ УЧРЕЖДЕНИЕ РЕСПУБЛИКИ ДАГЕСТАН ""САФАРАЛИНСКАЯ СРЕДНЯЯ ОБЩЕОБРАЗОВАТЕЛЬНАЯ ШКОЛА ГУНИБСКОГО РАЙОНА""";0510008832;;368350, ДАГЕСТАН РЕСП, ГУНИБСКИЙ Р-Н, ЧОХ С, д
"ГКОУ РД ""УЛЛУБИЕВСКАЯ СОШ ГУНИБСКОГО РАЙОНА""";"ГОСУДАРСТВЕННОЕ КАЗЕННОЕ ОБЩЕОБРАЗОВАТЕЛЬНОЕ УЧРЕЖДЕНИЕ РЕСПУБЛИКИ ДАГЕСТАН ""УЛЛУБИЕВСКАЯ СРЕДНЯЯ ОБЩЕОБРАЗОВАТЕЛЬНАЯ ШКОЛА ГУНИБСКОГО РАЙОНА""";0510008790;8 (928) 932-59-63;368350, ДАГЕСТАН РЕСП, ГУНИБСКИЙ Р-Н, ЧОХ С, 0
"ГКОУ РД ""КАРАШИНСКАЯ СОШ ЛАКСКОГО РАЙОНА""";"ГОСУДАРСТВЕННОЕ КАЗЕННОЕ ОБЩЕОБРАЗОВАТЕЛЬНОЕ УЧРЕЖДЕНИЕ РЕСПУБЛИКИ ДАГЕСТАН ""КАРАШИНСКАЯ СРЕДНЯЯ ОБЩЕОБРАЗОВАТЕЛЬНАЯ ШКОЛА ЛАКСКОГО РАЙОНА""";0505054880;8 (928) 538-26-00;368071, ДАГЕСТАН РЕСП, БАБАЮРТОВСКИЙ Р-Н, ТАМАЗАТЮБЕ С, д
"ГКОУ РД ""ШАВИНСКАЯ СОШ ЦУМАДИНСКОГО РАЙОНА""";"ГОСУДАРСТВЕННОЕ КАЗЕННОЕ ОБЩЕОБРАЗОВАТЕЛЬНОЕ УЧРЕЖДЕНИЕ РЕСПУБЛИКИ ДАГЕСТАН ""ШАВИНСКАЯ СРЕДНЯЯ ОБЩЕОБРАЗОВАТЕЛЬНАЯ ШКОЛА ЦУМАДИНСКОГО РАЙОНА""";0506009449;8 (909) 483-97-19;368067, ДАГЕСТАН РЕСП, ЦУМАДИНСКИЙ Р-Н, ШАВА С, д
"ГКОУ РД ""КАМБУЛАТСКАЯ СОШ РУТУЛЬСКОГО РАЙОНА""";"ГОСУДАРСТВЕННОЕ КАЗЕННОЕ ОБЩЕОБРАЗОВАТЕЛЬНОЕ УЧРЕЖДЕНИЕ РЕСПУБЛИКИ ДАГЕСТАН ""КАМБУЛАТСКАЯ СРЕДНЯЯ ОБЩЕОБРАЗОВАТЕЛЬНАЯ ШКОЛА РУТУЛЬСКОГО РАЙОНА""";0505007858;8 (928) 573-18-55;368704, ДАГЕСТАН РЕСП, РУТУЛЬСКИЙ Р-Н, КУСУР С, ВЕРХНЯЯ УЛ, ДОМ 1
"ГКОУ РД ""НОВОМУСЛАХСКАЯ СОШ РУТУЛЬСКОГО РАЙОНА""";"ГОСУДАРСТВЕННОЕ КАЗЕННОЕ ОБЩЕОБРАЗОВАТЕЛЬНОЕ УЧРЕЖДЕНИЕ РЕСПУБЛИКИ ДАГЕСТАН ""НОВОМУСЛАХСКАЯ СРЕДНЯЯ ОБЩЕОБРАЗОВАТЕЛЬНАЯ ШКОЛА РУТУЛЬСКОГО РАЙОНА""";0505008107;;368700, ДАГЕСТАН РЕСПУБЛИКА, РАЙОН РУТУЛЬСКИЙ, СЕЛО МУСЛАХ, УЛИЦА ЯХЬИ ФЕРЗАЛИЕВА, ДОМ 1
"ГКОУ РД ""НОВОЦИЛИТЛИНСКАЯ СОШ ГУМБЕТОВСКОГО РАЙОНА """;"ГОСУДАРСТВЕННОЕ КАЗЕННОЕ ОБЩЕОБРАЗОВАТЕЛЬНОЕ УЧРЕЖДЕНИЕ РЕСПУБЛИКИ ДАГЕСТАН ""НОВОЦИЛИТЛИНСКАЯ СРЕДНЯЯ ОБЩЕОБРАЗОВАТЕЛЬНАЯ ШКОЛА ГУМБЕТОВСКОГО РАЙОНА""";0505008072;8 (928) 572-85-99;368939, ДАГЕСТАН РЕСП, ГУМБЕТОВСКИЙ Р-Н, ЦИЛИТЛЬ С, ЦЕНТРАЛЬНАЯ УЛ, ДОМ 3
"ГКОУ РД""НОВОМУГУРУХСКАЯ СОШ ЧАРОДИНСКОГО РАЙОНА""";"ГОСУДАРСТВЕННОЕ КАЗЕННОЕ ОБЩЕОБРАЗОВАТЕЛЬНОЕ УЧРЕЖДЕНИЕ РЕСПУБЛИКИ ДАГЕСТАН ""НОВОМУГУРУХСКАЯ СРЕДНЯЯ ОБЩЕОБРАЗОВАТЕЛЬНАЯ ШКОЛА ЧАРОДИНСКОГО РАЙОНА""";0522011212;8 (928) 599-44-64;368545, ДАГЕСТАН РЕСП, КАРАБУДАХКЕНТСКИЙ Р-Н, МАНАС ПГТ, ШКОЛЬНАЯ УЛ, 1
"ГКОУ РД ""ГОНДОКОРИНСКАЯ ООШ ХУНЗАХСКОГО РАЙОНА""";"ГОСУДАРСТВЕННОЕ КАЗЕННОЕ ОБЩЕОБРАЗОВАТЕЛЬНОЕ УЧРЕЖДЕНИЕ РЕСПУБЛИКИ ДАГЕСТАН ""ГОНДОКОРИНСКАЯ ОСНОВНАЯ ОБЩЕОБРАЗОВАТЕЛЬНАЯ ШКОЛА ХУНЗАХСКОГО РАЙОНА""";0536008918;8 (963) 416-49-32;368070, ДАГЕСТАН РЕСП, ХУНЗАХСКИЙ Р-Н, ГОНДОКОРИ С, Д
"ГКОУ РД ""ЦАДАХСКАЯ СОШ ЧАРОДИНСКОГО РАЙОНА""";"ГОСУДАРСТВЕННОЕ КАЗЕННОЕ ОБЩЕОБРАЗОВАТЕЛЬНОЕ УЧРЕЖДЕНИЕ РЕСПУБЛИКИ ДАГЕСТАН ""ЦАДАХСКАЯ СРЕДНЯЯ ОБЩЕОБРАЗОВАТЕЛЬНАЯ ШКОЛА ЧАРОДИНСКОГО РАЙОНА""";0539011193;8 (963) 414-04-61;368070, ДАГЕСТАН РЕСП, ЧАРОДИНСКИЙ Р-Н, ЦАДАХ С, д
"ГКОУ РД ""ТЕРЕЧНАЯ ООШ ТЛЯРАТИНСКОГО РАЙОНА""";"ГОСУДАРСТВЕННОЕ КАЗЕННОЕ ОБЩЕОБРАЗОВАТЕЛЬНОЕ УЧРЕЖДЕНИЕ РЕСПУБЛИКИ ДАГЕСТАН ""ТЕРЕЧНАЯ ОСНОВНАЯ ОБЩЕОБРАЗОВАТЕЛЬНАЯ ШКОЛА ТЛЯРАТИНСКОГО РАЙОНА""";0532141147;8 (928) 981-06-21;368424, ДАГЕСТАН РЕСПУБЛИКА, РАЙОН ТЛЯРАТИНСКИЙ, СЕЛО ЦИМГУДА, УЛИЦА ЦИМГУДИНСКАЯ, ДОМ 1
"ГКОУ РД ""КАМИЛУХСКАЯ СОШ ТЛЯРАТИНСКОГО РАЙОНА""";"ГОСУДАРСТВЕННОЕ КАЗЕННОЕ ОБЩЕОБРАЗОВАТЕЛЬНОЕ УЧРЕЖДЕНИЕ РЕСПУБЛИКИ ДАГЕСТАН ""КАМИЛУХСКАЯ СРЕДНЯЯ ОБЩЕОБРАЗОВАТЕЛЬНАЯ ШКОЛА ТЛЯРАТИНСКОГО РАЙОНА""";0532002721;;368425, ДАГЕСТАН РЕСП, ТЛЯРАТИНСКИЙ Р-Н, КАМИЛУХ С, ДАЛГАТА ОМАРОВА УЛ, ДОМ 27
"ГКОУ РД ""ЦУМИЛУХСКАЯ СОШ ТЛЯРАТИНСКОГО РАЙОНА""";"ГОСУДАРСТВЕННОЕ КАЗЕННОЕ ОБЩЕОБРАЗОВАТЕЛЬНОЕ УЧРЕЖДЕНИЕ РЕСПУБЛИКИ ДАГЕСТАН ""ЦУМИЛУХСКАЯ СРЕДНЯЯ ОБЩЕОБРАЗОВАТЕЛЬНАЯ ШКОЛА ТЛЯРАТИНСКОГО РАЙОНА""";0532140760;8 (909) 483-41-05;368424, ДАГЕСТАН РЕСПУБЛИКА, РАЙОН ТЛЯРАТИНСКИЙ, СЕЛО ЦУМИЛУХ, УЛИЦА ЦУМИЛЮХСКАЯ, ДОМ 285
"ГКОУ РД ""КАРАУЗЕКСКАЯ СОШ""";"ГОСУДАРСТВЕННОЕ КАЗЕННОЕ ОБЩЕОБРАЗОВАТЕЛЬНОЕ УЧРЕЖДЕНИЕ РЕСПУБЛИКИ ДАГЕСТАН ""КАРАУЗЕКСКАЯ СРЕДНЯЯ ОБЩЕОБРАЗОВАТЕЛЬНАЯ ШКОЛА ЦУНТИНСКОГО РАЙОНА""";0505008403;8 (964) 005-58-48;368410, ДАГЕСТАН РЕСПУБЛИКА, РАЙОН ЦУНТИНСКИЙ, СЕЛО КАРАОЗЕК
"ГКОУ РД ""Качалайская СОШ Цунтинского района""";"Государственное казенное общеобразовательное учреждение Республики Дагестан ""Качалайская средняя общеобразовательная школа Цунтинского района""";0505008347;8 (928) 588-28-29;368066, ДАГЕСТАН РЕСП, ЦУНТИНСКИЙ Р-Н, КАЧАЛАЙ С, д
"ГКОУ РД ""НОВОТАНУСИНСКАЯ СОШ ХУНЗАХСКОГО РАЙОНА""";"ГОСУДАРСТВЕННОЕ КАЗЕННОЕ ОБЩЕОБРАЗОВАТЕЛЬНОЕ УЧРЕЖДЕНИЕ РЕСПУБЛИКИ ДАГЕСТАН ""НОВОТАНУСИНСКАЯ СРЕДНЯЯ ОБЩЕОБРАЗОВАТЕЛЬНАЯ ШКОЛА ХУНЗАХСКОГО РАЙОНА""";0534029743;8 (928) 972-40-09;368025, ДАГЕСТАН РЕСПУБЛИКА, РАЙОН ХАСАВЮРТОВСКИЙ, СЕЛО ПЯТИЛЕТКА
"ГКОУ РД ""СОГРАТЛИНСКАЯ СОШ ГУНИБСКОГО РАЙОНА""";"ГОСУДАРСТВЕННОЕ КАЗЕННОЕ ОБЩЕОБРАЗОВАТЕЛЬНОЕ УЧРЕЖДЕНИЕ РЕСПУБЛИКИ ДАГЕСТАН ""СОГРАТЛИНСКАЯ СРЕДНЯЯ ОБЩЕОБРАЗОВАТЕЛЬНАЯ ШКОЛА ГУНИБСКОГО РАЙОНА""";0510009025;8 (888) 888-88-88;368354, ДАГЕСТАН РЕСП, ГУНИБСКИЙ, С СОГРАТЛЬ, Д
"ГКОУ РД ""КРАСНОСЕЛЬСКАЯ СОШ ХУНЗАХСКОГО РАЙОНА""";"ГОСУДАРСТВЕННОЕ КАЗЕННОЕ ОБЩЕОБРАЗОВАТЕЛЬНОЕ УЧРЕЖДЕНИЕ РЕСПУБЛИКИ ДАГЕСТАН ""КРАСНОСЕЛЬСКАЯ СРЕДНЯЯ ОБЩЕОБРАЗОВАТЕЛЬНАЯ ШКОЛА ХУНЗАХСКОГО РАЙОНА""";0516008469;8 (928) 502-01-01;368124, ДАГЕСТАН РЕСП, КИЗИЛЮРТ Г, Г.ЦАДАСА УЛ, 4, А
"ГКОУ РД ""АХТИНИНСКАЯ СОШ ХУНЗАХСКОГО РАЙОНА""";"ГОСУДАРСТВЕННОЕ КАЗЕННОЕ ОБЩЕОБРАЗОВАТЕЛЬНОЕ УЧРЕЖДЕНИЕ РЕСПУБЛИКИ ДАГЕСТАН ""АХТИНИНСКАЯ СРЕДНЯЯ ОБЩЕОБРАЗОВАТЕЛЬНАЯ ШКОЛА ХУНЗАХСКОГО РАЙОНА""";0516008476;8 (928) 059-77-71;368110, ДАГЕСТАН РЕСП, КИЗИЛЮРТОВСКИЙ , С АКНАДА, Д
"ГКОУ РД ""САМИЛАХСКАЯ СОШ ХУНЗАХСКОГО РАЙОНА""";"ГОСУДАРСТВЕННОЕ КАЗЕННОЕ ОБЩЕОБРАЗОВАТЕЛЬНОЕ УЧРЕЖДЕНИЕ РЕСПУБЛИКИ ДАГЕСТАН ""САМИЛАХСКАЯ СРЕДНЯЯ ОБЩЕОБРАЗОВАТЕЛЬНАЯ ШКОЛА ХУНЗАХСКОГО РАЙОНА""";0516008490;8 (928) 579-08-29;368124, ДАГЕСТАН РЕСП, КИЗИЛЮРТ Г, Г.ЦАДАСА УЛ, ДОМ 14
"ГКОУ РД ""АРАДИНСКАЯ СОШ ХУНЗАХСКОГО РАЙОНА ИМ. ГАЛБАЦОВА Г.К.""";"ГОСУДАРСТВЕННОЕ КАЗЕННОЕ ОБЩЕОБРАЗОВАТЕЛЬНОЕ УЧРЕЖДЕНИЕ РЕСПУБЛИКИ ДАГЕСТАН ""АРАДИНСКАЯ СРЕДНЯЯ ОБЩЕОБРАЗОВАТЕЛЬНАЯ ШКОЛА ХУНЗАХСКОГО РАЙОНА ИМ. ГАЛБАЦОВА Г.К.""";0516008525;8 (928) 571-29-20;368083, ДАГЕСТАН РЕСП, КУМТОРКАЛИНСКИЙ Р-Н, АДЖИДАДА С, ШКОЛЬНАЯ УЛ, ДОМ 1
"ГКОУ РД ""ДАРАДА-МУРАДИНСКИЙ ЛИЦЕЙ ГЕРГЕБИЛЬСКОГО РАЙОНА""";"ГОСУДАРСТВЕННОЕ КАЗЕННОЕ ОБЩЕОБРАЗОВАТЕЛЬНОЕ УЧРЕЖДЕНИЕ РЕСПУБЛИКИ ДАГЕСТАН ""ДАРАДА-МУРАДИНСКИЙ ЛИЦЕЙ ГЕРГЕБИЛЬСКОГО РАЙОНА""";0552004438;8 (928) 680-28-18;368083, ДАГЕСТАН РЕСПУБЛИКА, РАЙОН КУМТОРКАЛИНСКИЙ, СЕЛО АДЖИДАДА
"ГКОУ РД ""КАЗИЮРТОВСКАЯ СРЕДНЯЯ ОБЩЕОБРАЗОВАТЕЛЬНАЯ ШКОЛА АХВАХСКОГО РАЙОНА""";"ГОСУДАРСТВЕННОЕ КАЗЕННОЕ ОБЩЕОБРАЗОВАТЕЛЬНОЕ УЧРЕЖДЕНИЕ РЕСПУБЛИКИ ДАГЕСТАН ""КАЗИЮРТОВСКАЯ СРЕДНЯЯ ОБЩЕОБРАЗОВАТЕЛЬНАЯ ШКОЛА АХВАХСКОГО РАЙОНА""";0503005870;8 (929) 865-02-88;368990, ДАГЕСТАН РЕСП, АХВАХСКИЙ Р-Н, КАРАТА С, БОКОХИНСКАЯ УЛ, ДОМ 35
"ГКОУ РД ""ПЕРВОМАЙСКАЯ СОШ ГУМБЕТОВСКОГО РАЙОНА""";"ГОСУДАРСТВЕННОЕ КАЗЕННОЕ ОБЩЕОБРАЗОВАТЕЛЬНОЕ УЧРЕЖДЕНИЕ РЕСПУБЛИКИ ДАГЕСТАН ""ПЕРВОМАЙСКАЯ СРЕДНЯЯ ОБЩЕОБРАЗОВАТЕЛЬНАЯ ШКОЛА ГУМБЕТОВСКОГО РАЙОНА""";0505008210;8 (928) 961-94-49;368930, ДАГЕСТАН РЕСП, ГУМБЕТОВСКИЙ Р-Н, ШАБДУХ С, ЦЕНТРАЛЬНАЯ УЛ, ДОМ 35
"ГКОУ РД ""ТЕЛЬМАНСКАЯ СОШ ТЛЯРАТИНСКОГО РАЙОНА""";"ГОСУДАРСТВЕННОЕ КАЗЕННОЕ ОБЩЕОБРАЗОВАТЕЛЬНОЕ УЧРЕЖДЕНИЕ РЕСПУБЛИКИ ДАГЕСТАН ""ТЕЛЬМАНСКАЯ СРЕДНЯЯ ОБЩЕОБРАЗОВАТЕЛЬНАЯ ШКОЛА ТЛЯРАТИНСКОГО РАЙОНА""";0505008266;8 (928) 831-92-00;368424, ДАГЕСТАН РЕСПУБЛИКА, РАЙОН ТЛЯРАТИНСКИЙ, СЕЛО ГАГАР, УЛИЦА ГАГАРСКАЯ, ДОМ 1
"ГКОУ РД ""УЧТЮБИНСКАЯ ООШ КАЗБЕКОВСКОГО РАЙОНА""";"ГОСУДАРСТВЕННОЕ КАЗЕННОЕ ОБЩЕОБРАЗОВАТЕЛЬНОЕ УЧРЕЖДЕНИЕ РЕСПУБЛИКИ ДАГЕСТАН ""УЧТЮБИНСКАЯ ОСНОВНАЯ ОБЩЕОБРАЗОВАТЕЛЬНАЯ ШКОЛА КАЗБЕКОВСКОГО РАЙОНА""";0505007921;8 (928) 500-82-92;368146, ДАГЕСТАН РЕСП, КАЗБЕКОВСКИЙ , С БУРТУНАЙ, Д
"ГКОУ РД ""ИНДИРАНСКАЯ СОШ АХВАХСКОГО РАЙОНА""";"ГОСУДАРСТВЕННОЕ КАЗЕННОЕ ОБЩЕОБРАЗОВАТЕЛЬНОЕ УЧРЕЖДЕНИЕ РЕСПУБЛИКИ ДАГЕСТАН ""ИНДИРАНСКАЯ СРЕДНЯЯ ОБЩЕОБРАЗОВАТЕЛЬНАЯ ШКОЛА АХВАХСКОГО РАЙОНА""";0505008153;8 (928) 961-62-04;368995, ДАГЕСТАН РЕСП, АХВАХСКИЙ Р-Н, АНЧИХ С, АНЧИХСКАЯ УЛ, ДОМ 2
"ГКОУ РД ""ХАМЗАЮРТОВСКИЙ ЛИЦЕЙ КАЗБЕКОВСКОГО РАЙОНА""";"ГОСУДАРСТВЕННОЕ КАЗЕННОЕ ОБЩЕОБРАЗОВАТЕЛЬНОЕ УЧРЕЖДЕНИЕ РЕСПУБЛИКИ ДАГЕСТАН ""ХАМЗАЮРТОВСКИЙ ЛИЦЕЙ КАЗБЕКОВСКОГО РАЙОНА""";0505007872;8 (888) 888-88-87;368146, ДАГЕСТАН РЕСП, КАЗБЕКОВСКИЙ Р-Н, БУРТУНАЙ С, ул
"ГКОУ РД ""ДЖУРМУТСКАЯ СОШ ТЛЯРАТИНСКОГО РАЙОНА""";"ГОСУДАРСТВЕННОЕ КАЗЕННОЕ ОБЩЕОБРАЗОВАТЕЛЬНОЕ УЧРЕЖДЕНИЕ РЕСПУБЛИКИ ДАГЕСТАН ""ДЖУРМУТСКАЯ СРЕДНЯЯ ОБЩЕОБРАЗОВАТЕЛЬНАЯ ШКОЛА ТЛЯРАТИНСКОГО РАЙОНА""";0532140993;8 (967) 939-00-20;368425, ДАГЕСТАН РЕСПУБЛИКА, РАЙОН ТЛЯРАТИНСКИЙ, СЕЛО ГЕРЕЛЬ
"ГКОУ РД ""ДАХАДАЕВСКАЯ ООШ ТЛЯРАТИНСКОГО РАЙОНА""";"ГОСУДАРСТВЕННОЕ КАЗЕННОЕ ОБЩЕОБРАЗОВАТЕЛЬНОЕ УЧРЕЖДЕНИЕ РЕСПУБЛИКИ ДАГЕСТАН ""ДАХАДАЕВСКАЯ ОСНОВНАЯ ОБЩЕОБРАЗОВАТЕЛЬНАЯ ШКОЛА ТЛЯРАТИНСКОГО РАЙОНА""";0532140961;8 (928) 563-11-06;368425, ДАГЕСТАН РЕСП, ТЛЯРАТИНСКИЙ Р-Н, ЧОРОДА С, АБДУСАЛАМА МАГОМЕДОВА УЛ, ДОМ 13
"ГКОУ РД ""ОРДЖОНИКИДЗЕВСКАЯ ООШ ТЛЯРАТИНСКОГО РАЙОНА""";"ГОСУДАРСТВЕННОЕ КАЗЕННОЕ ОБЩЕОБРАЗОВАТЕЛЬНОЕ УЧРЕЖДЕНИЕ РЕСПУБЛИКИ ДАГЕСТАН ""ОРДЖОНИКИДЗЕВСКАЯ ОСНОВНАЯ ОБЩЕОБРАЗОВАТЕЛЬНАЯ ШКОЛА ТЛЯРАТИНСКОГО РАЙОНА""";0532141122;8 (988) 799-88-23;368420, ДАГЕСТАН РЕСП, ТЛЯРАТИНСКИЙ Р-Н, ГВЕДЫШ С, Т. РАМАЗАНОВА УЛ, ДОМ 75
"ГКОУ РД ""АКАРИНСКАЯ ООШ""";"ГОСУДАРСТВЕННОЕ КАЗЕННОЕ ОБЩЕОБРАЗОВАТЕЛЬНОЕ УЧРЕЖДЕНИЕ РЕСПУБЛИКИ ДАГЕСТАН ""АКАРИНСКАЯ ОСНОВНАЯ ОБЩЕОБРАЗОВАТЕЛЬНАЯ ШКОЛА ХУНЗАХСКОГО РАЙОНА""";0516008606;8 (903) 427-03-64;368111, ДАГЕСТАН РЕСПУБЛИКА, РАЙОН КИЗИЛЮРТОВСКИЙ, СЕЛО ЧОНТАУЛ
"ГКОУ РД ""САНГАРСКАЯ СОШ ЛАКСКОГО РАЙОНА""";"ГОСУДАРСТВЕННОЕ КАЗЕННОЕ ОБЩЕОБРАЗОВАТЕЛЬНОЕ УЧРЕЖДЕНИЕ РЕСПУБЛИКИ ДАГЕСТАН ""САНГАРСКАЯ СРЕДНЯЯ ОБЩЕОБРАЗОВАТЕЛЬНАЯ ШКОЛА ЛАКСКОГО РАЙОНА""";0505007914;8 (928) 520-58-35;368367, ДАГЕСТАН РЕСП, ЛАКСКИЙ Р-Н, КАМАХАЛ С, ул
"ГКОУ РД ""НОВОХЕЛЕТУРИНСКАЯ СОШ""";"ГОСУДАРСТВЕННОЕ КАЗЕННОЕ ОБЩЕОБРАЗОВАТЕЛЬНОЕ УЧРЕЖДЕНИЕ РЕСПУБЛИКИ ДАГЕСТАН ""НОВОХЕЛЕТУРИНСКАЯ СРЕДНЯЯ ОБЩЕОБРАЗОВАТЕЛЬНАЯ ШКОЛА БОТЛИХСКОГО РАЙОНА""";0505008410;8 (872) 267-84-50;368989, ДАГЕСТАН РЕСП, БОТЛИХСКИЙ Р-Н, ХЕЛЕТУРИ С, д
"ГКОУ РД ""НОВОБОРЧИНСКАЯ СОШ""";"ГОСУДАРСТВЕННОЕ КАЗЕННОЕ ОБЩЕОБРАЗОВАТЕЛЬНОЕ УЧРЕЖДЕНИЕ РЕСПУБЛИКИ ДАГЕСТАН ""НОВОБОРЧИНСКАЯ СРЕДНЯЯ ОБЩЕОБРАЗОВАТЕЛЬНАЯ ШКОЛА РУТУЛЬСКОГО РАЙОНА""";0505008114;8 (967) 406-33-12;368700, ДАГЕСТАН РЕСП, РУТУЛЬСКИЙ Р-Н, НОВЫЙ БОРЧ С, ДОМ ПЕРЕУЛОК ШКОЛЬНЫЙ 1
"ГКОУ РД ""КАЛЬЯЛСКАЯ СОШ РУТУЛЬСКОГО РАЙОНА""";"ГОСУДАРСТВЕННОЕ КАЗЕННОЕ ОБЩЕОБРАЗОВАТЕЛЬНОЕ УЧРЕЖДЕНИЕ РЕСПУБЛИКИ ДАГЕСТАН ""КАЛЬЯЛСКАЯ СРЕДНЯЯ ОБЩЕОБРАЗОВАТЕЛЬНАЯ ШКОЛА РУТУЛЬСКОГО РАЙОНА""";0505008121;;368700, ДАГЕСТАН РЕСП, РУТУЛЬСКИЙ Р-Н, КАЛЬЯЛ С, ДОМ ВЕРХНЯЯ 1
"ГКОУ РД ""КАРАТЮБИНСКАЯ ООШ ТЛЯРАТИНСКОГО РАЙОНА""";"ГОСУДАРСТВЕННОЕ КАЗЕННОЕ ОБЩЕОБРАЗОВАТЕЛЬНОЕ УЧРЕЖДЕНИЕ РЕСПУБЛИКИ ДАГЕСТАН ""КАРАТЮБИНСКАЯ ОСНОВНАЯ ОБЩЕОБРАЗОВАТЕЛЬНАЯ ШКОЛА ТЛЯРАТИНСКОГО РАЙОНА""";0505007992;8 (928) 978-97-06;368422, ДАГЕСТАН РЕСП, ТЛЯРАТИНСКИЙ Р-Н, ХИНДАХ С, ИМАМА ШАМИЛЯ УЛ, ДОМ 60
"ГКОУ РД ""НОВОТИНДИНСКАЯ СОШ ЦУМАДИНСКОГО РАЙОНА""";"ГОСУДАРСТВЕННОЕ КАЗЕННОЕ ОБЩЕОБРАЗОВАТЕЛЬНОЕ УЧРЕЖДЕНИЕ РЕСПУБЛИКИ ДАГЕСТАН ""НОВОТИНДИНСКАЯ СРЕДНЯЯ ОБЩЕОБРАЗОВАТЕЛЬНАЯ ШКОЛА ЦУМАДИНСКОГО РАЙОНА""";0505008450;8 (965) 493-77-55;368067, ДАГЕСТАН РЕСПУБЛИКА, РАЙОН ЦУМАДИНСКИЙ, СЕЛО ШАВА
"ГКОУ РД ""КИРОВСКАЯ СРЕДНЯЯ ОБЩЕОБРАЗОВАТЕЛЬНАЯ ШКОЛА ТЛЯРАТИНСКОГО РАЙОНА""";"ГОСУДАРСТВЕННОЕ КАЗЕННОЕ ОБЩЕОБРАЗОВАТЕЛЬНОЕ УЧРЕЖДЕНИЕ РЕСПУБЛИКИ ДАГЕСТАН ""КИРОВСКАЯ СРЕДНЯЯ ОБЩЕОБРАЗОВАТЕЛЬНАЯ  ШКОЛА ТЛЯРАТИНСКОГО РАЙОНА""";0532140986;8 (963) 411-87-62;368425, ДАГЕСТАН РЕСП, ТЛЯРАТИНСКИЙ Р-Н, ИБРАГИМОТАР НП, ГИНДИБСКАЯ УЛ, ДОМ 26
"ГКОУ РД ""СПОРТШКОЛА-ИНТЕРНАТ""";"ГОСУДАРСТВЕННОЕ КАЗЕННОЕ ОБЩЕОБРАЗОВАТЕЛЬНОЕ УЧРЕЖДЕНИЕ РЕСПУБЛИКИ ДАГЕСТАН ""СПОРТШКОЛА-ИНТЕРНАТ""";0544002532;8 (988) 781-80-51;368000, ДАГЕСТАН РЕСПУБЛИКА, ГОРОД ХАСАВЮРТ, Улица ВОЛЧАНОВСКИЙ САД, 1
"ГКОУ РД ""ОБЩЕОБРАЗОВАТЕЛЬНАЯ ШКОЛА-ИНТЕРНАТ С. БОТЛИХ""";"ГОСУДАРСТВЕННОЕ КАЗЕННОЕ ОБЩЕОБРАЗОВАТЕЛЬНОЕ УЧРЕЖДЕНИЕ РЕСПУБЛИКИ ДАГЕСТАН ""ОБЩЕОБРАЗОВАТЕЛЬНАЯ ШКОЛА-ИНТЕРНАТ С. БОТЛИХ""";0506064739;8 (988) 637-66-48;368971, ДАГЕСТАН РЕСПУБЛИКА, РАЙОН БОТЛИХСКИЙ, СЕЛО БОТЛИХ 1 (МИКРОРАЙОН), УЛИЦА ИМАМА ГАЗИМАГОМЕДА, ДОМ 89
"ГКОУ РД ""УМЦ по ГО и ЧС""";"Государственное казенное образовательное учреждение Республики Дагестан ""Учебно-методический центр по гражданской обороне и чрезвычайным ситуациям""";0562075893;8 (8722) 62-95-94;367020, ДАГЕСТАН РЕСПУБЛИКА, ГОРОД МАХАЧКАЛА, МИКРОРАЙОН КАРАМАН-5
"ГКОУ РД ""МАЗАДИНСКАЯ СОШ ТЛЯРАТИНСКОГО РАЙОНА""";"ГОСУДАРСТВЕННОЕ КАЗЕННОЕ ОБЩЕОБРАЗОВАТЕЛЬНОЕ УЧРЕЖДЕНИЕ  РЕСПУБЛИКИ ДАГЕСТАН ""МАЗАДИНСКАЯ СРЕДНЯЯ ОБЩЕОБРАЗОВАТЕЛЬНАЯ ШКОЛА ТЛЯРАТИНСКОГО РАЙОНА""";0532140873;8 (960) 409-64-71;368422, ДАГЕСТАН РЕСПУБЛИКА, РАЙОН ТЛЯРАТИНСКИЙ, СЕЛО МАЗАДА
"ГКОУ РД ""РЦДОДИ""";"ГОСУДАРСТВЕННОЕ КАЗЕННОЕ ОБЩЕОБРАЗОВАТЕЛЬНОЕ УЧРЕЖДЕНИЕ РЕСПУБЛИКИ ДАГЕСТАН ""РЕСПУБЛИКАНСКИЙ ЦЕНТР ДИСТАНЦИОННОГО ОБУЧЕНИЯ ДЕТЕЙ-ИНВАЛИДОВ""";0562076449;8 (8722) 67-40-88;367015, ДАГЕСТАН РЕСП, МАХАЧКАЛА Г, АСКЕРХАНОВА УЛ, 3
"ГКОУ РД ""НАНИБИКАНСКАЯ СОШ ГУМБЕТОВСКОГО РАЙОНА""";"ГОСУДАРСТВЕННОЕ КАЗЕННОЕ ОБЩЕОБРАЗОВАТЕЛЬНОЕ УЧРЕЖДЕНИЕ РЕСПУБЛИКИ ДАГЕСТАН ""НАНИБИКАНСКАЯ СРЕДНЯЯ ОБЩЕОБРАЗОВАТЕЛЬНАЯ ШКОЛА ГУМБЕТОВСКОГО РАЙОНА""";0509105454;8 (929) 050-13-06;368921, ДАГЕСТАН РЕСП, ГУМБЕТОВСКИЙ Р-Н, НАНИБИКА С, д
"ГКОУ РД ""НОВОГАГАРСКАЯ ООШ ТЛЯРАТИНСКОГО РАЙОНА""";"ГОСУДАРСТВЕННОЕ КАЗЕННОЕ ОБЩЕОБРАЗОВАТЕЛЬНОЕ УЧРЕЖДЕНИЕ РЕСПУБЛИКИ ДАГЕСТАН ""НОВОГАГАРСКАЯ ОСНОВНАЯ ОБЩЕОБРАЗОВАТЕЛЬНАЯ ШКОЛА ТЛЯРАТИНСКОГО РАЙОНА""";0532141130;;368424, ДАГЕСТАН РЕСПУБЛИКА, РАЙОН ТЛЯРАТИНСКИЙ, СЕЛО ГАГАР, УЛИЦА ГАГАРСКАЯ, ДОМ 1
"ГКОУ РД ""ООШ БОТЛИХСКОГО РАЙОНА""";"ГОСУДАРСТВЕННОЕ КАЗЕННОЕ ОБЩЕОБРАЗОВАТЕЛЬНОЕ УЧРЕЖДЕНИЕ РЕСПУБЛИКИ ДАГЕСТАН ""ОСНОВНАЯ  ОБЩЕОБРАЗОВАТЕЛЬНАЯ ШКОЛА БОТЛИХСКОГО РАЙОНА""";0506063647;8 (928) 200-84-24;368984, ДАГЕСТАН РЕСПУБЛИКА, РАЙОН БОТЛИХСКИЙ, СЕЛО ГАГАТЛИ, 0
"ГКОУ РД ""ЛЬВОВСКАЯ НОШ АКУШИНСКОГО РАЙОНА""";"ГОСУДАРСТВЕННОЕ КАЗЕННОЕ ОБЩЕОБРАЗОВАТЕЛЬНОЕ УЧРЕЖДЕНИЕ РЕСПУБЛИКИ ДАГЕСТАН ""ЛЬВОВСКАЯ НАЧАЛЬНАЯ ОБЩЕОБРАЗОВАТЕЛЬНАЯ ШКОЛА АКУШИНСКОГО РАЙОНА""";0505008185;8 (928) 800-92-31;368124, ДАГЕСТАН РЕСП, КИЗИЛЮРТ Г, Г.ЦАДАСА УЛ, 4
"ГКОУ РД ""НАРЫШСКАЯ ООШ ГУМБЕТОВСКОГО РАЙОНА""";"ГОСУДАРСТВЕННОЕ КАЗЕННОЕ ОБЩЕОБРАЗОВАТЕЛЬНОЕ УЧРЕЖДЕНИЕ РЕСПУБЛИКИ ДАГЕСТАН ""НАРЫШСКАЯ ОСНОВНАЯ ОБЩЕОБРАЗОВАТЕЛЬНАЯ ШКОЛА ГУМБЕТОВСКОГО РАЙОНА""";0509105510;8 (928) 545-95-44;368930, ДАГЕСТАН РЕСП, ГУМБЕТОВСКИЙ Р-Н, НАРЫШ С, ул
"ГКОУ РД ""НОВОДАНУХСКАЯ СОШ ГУМБЕТОВСКОГО РАЙОНА""";"ГОСУДАРСТВЕННОЕ КАЗЕННОЕ ОБЩЕОБРАЗОВАТЕЛЬНОЕ УЧРЕЖДЕНИЕ РЕСПУБЛИКИ ДАГЕСТАН ""НОВОДАНУХСКАЯ СРЕДНЯЯ ОБЩЕОБРАЗОВАТЕЛЬНАЯ ШКОЛА ГУМБЕТОВСКОГО РАЙОНА";0509006774;8 (988) 645-98-88;368930, ДАГЕСТАН РЕСП, ГУМБЕТОВСКИЙ Р-Н, ДАНУХ С, д
"ГКОУ РД ""Ретлобская СОШ Цунтинского района""";"Государственное казенное общеобразовательное учреждение Республики Дагестан ""Ретлобская средняя общеобразовательная школа Цунтинского района""";0546023094;;368124, ДАГЕСТАН РЕСП, КИЗИЛЮРТ Г, МАЛАГУСЕЙНОВА УЛ, ДОМ 72, КВАРТИРА КАБИНЕТ №4
"ГКОУ РД ""УРГУЛАЙСКАЯ ООШ ЦУМАДИНСКОГО РАЙОНА""";"ГОСУДАРСТВЕННОЕ КАЗЕННОЕ ОБЩЕОБРАЗОВАТЕЛЬНОЕ УЧРЕЖДЕНИЕ РЕСПУБЛИКИ ДАГЕСТАН ""УРГУЛАЙСКАЯ ОСНОВНАЯ ОБЩЕОБРАЗОВАТЕЛЬНАЯ ШКОЛА ЦУМАДИНСКОГО РАЙОНА""";0505007978;8 (909) 484-90-54;368124, ДАГЕСТАН РЕСП, КИЗИЛЮРТ Г, МАЛАГУСЕЙНОВА УЛ, ДОМ 72
"ГКОУ РД ""ШАНГОДИНСКО-ШИТЛИБСКАЯ СОШ ГУНИБСКОГО РАЙОНА""";"ГОСУДАРСТВЕННОЕ КАЗЕННОЕ ОБЩЕОБРАЗОВАТЕЛЬНОЕ УЧРЕЖДЕНИЕ РЕСПУБЛИКИ ДАГЕСТАН ""ШАНГОДИНСКО-ШИТЛИБСКАЯ СРЕДНЯЯ ОБЩЕОБРАЗОВАТЕЛЬНАЯ ШКОЛА ГУНИБСКОГО РАЙОНА""";0510009554;8 (888) 888-88-88;368355, ДАГЕСТАН РЕСП, ГУНИБСКИЙ Р-Н, ШАНГОДА С, Д
"ГКОУ РД ""АРКИДИНСКАЯ СОШ ХУНЗАХСКОГО РАЙОНА""";"ГОСУДАРСТВЕННОЕ КАЗЕННОЕ ОБЩЕОБРАЗОВАТЕЛЬНОЕ УЧРЕЖДЕНИЕ  РЕСПУБЛИКИ ДАГЕСТАН ""АРКИДИНСКАЯ СРЕДНЯЯ ОБЩЕОБРАЗОВАТЕЛЬНАЯ ШКОЛА ХУНЗАХСКОГО РАЙОНА""";0534034052;8 (964) 052-79-92;368015, ДАГЕСТАН РЕСПУБЛИКА, РАЙОН ХАСАВЮРТОВСКИЙ, СЕЛО КАЗМААУЛ, УЛИЦА МОЛОЧНАЯ, ДОМ 4