Наименование ДОО;Январь;Итог
МКДОУ Д/сад Белоснежка с.Дулдуг;29;
МКДОУ Д/сад Колосок, с.Буртихан;24;
МКДОУ Д/сад Радуга, с.Хутхул;36;
МКДОУ Д/сад Сказка Рича;25;
МКДОУ Д/сад Солнышко с.Тпиг ;146;
МКДОУ Детский сад 'Улыбка', с. Фите ;22;
МУДОУ 'Детский сад 'Родничок', с.Худиг ;26;
МБДОУ 'Акушинский детский сад';262;
МБДОУ Тебекмахинский детский сад  ;110;
МБДОУ Усишинский детский сад №1;60;
МБДОУ Усишинский детский сад №2;60;
МКДОУ 'Верхне-Мулебкинский детский сад';34;
МКДОУ 'Гапшиминский детский сад';60;
МКДОУ Мугинский детский сад;60;
МБДОУ Изанинский детский сад 'Орленок';32;
МБДОУ Ингердахский детский сад 'Радость';48;
МБДОУ Каратинский детский сад 'Солнышко';136;
МБДОУ Каратинский детский сад 'Улыбка';63;
МБДОУ Кудияб-росинский детский сад 'Ласточка';60;
МБДОУ Лологонитлинский детский сад 'Тархо';40;
МБДОУ Местерухский детский сад;36;
МБДОУ Тадмагитлинский детский сад 'Орленок';100;
МБДОУ Тлибишинский детский сад 'Соколенок';54;
МБДОУ Тукитинский детский сад 'Радуга';44;
МБДОУ Цолодинский детский сад 'Улыбка';39;
МКДОУ ДС 'Орленок' с.Кака ;80;
МКОУ ДО Хрюгский детский сад Соколенок;80;
МКОУ ДОД №3 Ахтынский д/с Рассвет;59;
МКУ ДОД Ахтынский детский сад Солнышко;137;
МКУ ДОД Ахтынский детский сад Юный космонавт;250;
МКДОУ детский сад  'Дружба', с.Бабаюрт;104;
МКДОУ детский сад 'Буратино', с.Уцмиюрт(120 м) ;120;
МКДОУ детский сад 'Ласточка', с. Татаюрт;100;
МКДОУ детский сад Радуга, с.Хасанай;72;
МКДОУ детский сад 'Сказка', с.Хамаматюрт;100;
МКДОУ детский сад 'Соколенок', с.Геметюбе;58;
МКДОУ дет-ясли 'Ёлочка', с.Бабаюрт;73;
МКДОУ ясли- сад Солнышко, с.Бабаюрт;180;
МКОУ Прогимназия 'Орленок', с.Бабаюрт;188;
МКОУ «Кванхидатлинская ООШ»  (ГКП) деят.приост.;6;
МКОУ «Кижанинская ООШ» (гкп) деят.приост.;8;
МКОУ «Миарсинская СОШ» (ГКП) деят.приост.;8;
МКОУ «Нижне-Инхеловская ООШ»  (ГКП) деят.приост.;13;
МКОУ «Ортоколинская СОШ» (ГКП) деят.приост.;7;
МКОУ «Рикванинская СОШ» (ГКП) деят.приост.;10;
МКОУ «Тасутинская ООШ им. М.Асадулаева» (ГКП) деят. приост.;0;
МКОУ «Хелетуринская СОШ»  (ГКП) деят.приост.;5;
МКОУ «Чанковская СОШ» (ГКП) деят.приост.;6;
МКДОУ «Аист» с.Ансалта;144;
МКДОУ «Журавлик» с.Шодрода;24;
МКДОУ «Звездочка» с.Тандо;36;
МКДОУ «Ласточка» с.Рахата;165;
МКДОУ «Орленок» с.Гагатли;87;
МКДОУ «Орленок» с.Зило;20;
МКДОУ «Радуга» с.Тлох;78;
МКДОУ «Ромашка» с.Алак;43;
МКДОУ «Светлячок» с.Анди;114;
МКДОУ «Сказка» с.Ашали;20;
МКДОУ «Солнышко» с.Ботлих;199;
МКДОУ «Улыбка» с.Муни;82;
МКДОУ «Чебурашка» с.Ботлих;185;
МКДОУ 'Детсад 'Теремок', с.Годобери ;68;
МКДОУ Детский сад 'Золотой ключик', с.Ботлих  ;80;
МКДОУ 'Детский сад 'Родничок', с.Ботлих ;130;
МБДОУ 'Гёбелек' с.Халимбекаул;247;
МБДОУ 'Детский сад 'Берхи',  с. Чанкурбе ;47;
МБДОУ 'Журавлик', с. Халимбекаул ;87;
МБДОУ 'Пчёлка', с.Карамахи ;136;
МБДОУ 'Радуга' с.Верхнее Казанище;183;
МБДОУ 'Ромашка' с. Буглен;116;
МБДОУ 'Сказка' с.Нижнее Казанище ;339;
МБДОУ 'Солнышко' с.Нижнее Казанище;140;
МБДОУ 'Улыбка' с. Чиркей;213;
МБДОУ 'Юлдуз' с.Нижний Дженгутай;190;
МБОУ 'Чиркейский образовательный центр им.А.Омарова';68;
МКДОУ 'Ласточка' с.Атланаул;107;
МКДОУ 'Ласточка' с.Манасаул;42;
МКДОУ 'Радуга' с.Нижнее Казанище;124;
МКДОУ 'Родничок' с.Эрпели;96;
МКДОУ 'Теремок' с.Апши;56;
МКДОУ 'Яшлыкъ' с.Новый Кумух (Кафыркумух);79;
МКДОУ ЦРР - ДС№ 19 'Соколенок' г.Буйнакска деят.приост.;197;
МБДОУ ЦРР- ДС №1 'Светлячок' г.Буйнакска;469;
МКДОУ «Детский сад №20» г.Буйнакска (ДК) ;308;
МКДОУ ДС № 10 города Буйнакска;94;
МКДОУ ДС № 11 'Сказка' г.Буйнакска;361;
МКДОУ ДС № 15 города Буйнакска;101;
МКДОУ ДС № 18 'Солнышко' г.Буйнакска;106;
МКДОУ ДС № 3 'Вишенка' г.Буйнакска;215;
МКДОУ ДС № 4 города Буйнакска;11;
МКДОУ ДС № 7 'Ласточка'  г.Буйнакска;86;
МКДОУ ДС № 9 'Радуга' г.Буйнакска;76;
МКДОУ ЦРР - ДС№ 12 города Буйнакска;182;
МКДОУ ЦРР - ДС№ 13 города Буйнакска;160;
МКДОУ ЦРР - ДС№ 14 города Буйнакска;175;
МКДОУ ЦРР - ДС№ 16 'Журавлик' г.Буйнакска;212;
МКДОУ ЦРР - ДС№ 17 города Буйнакска;193;
МКДОУ ЦРР - ДС№ 5 'Ветерок' г.Буйнакска;165;
МКДОУ ЦРР - ДС№ 6 'Гнездышко' г.Буйнакска;246;
МКДОУ ЦРР - ДС№ 8 г. Буйнакска ;283;
МКОУ СОШ №10 предшкольная подготовка «Солнечный круг» г.Буйнакск;107;
МБДОУ Детский сад № 3 'Улыбка';321;
МБДОУ Детский сад №1 Родничок;186;
МБДОУ Детский сад №2 Изюминка;180;
МБДОУ детский сад №4 'Соколенок';274;
МБДОУ ДС № 5 'Дружба';215;
МБДОУ ДС №6 'Орленок' ;135;
МБДОУ № 31 «Росинка» ликвид.;95;
МБДОУ № 6 ликвид.;48;
МБДОУ № 1;126;
МБДОУ № 10 «Дюймовочка»;203;
МБДОУ № 12 «Теремок»;164;
МБДОУ № 16 «Чебурашка»;167;
МБДОУ № 17;39;
МБДОУ № 19 «Паровозик»;159;
МБДОУ № 21 «Аленький цветок»;372;
МБДОУ № 23;255;
МБДОУ № 25 «Золушка»;190;
МБДОУ № 29 «Колокольчик»;127;
МБДОУ № 3;90;
МБДОУ № 5 «Надежда»;99;
МБДОУ № 7 «Улдуз»;142;
МБДОУ № 8 «Радуга»;130;
МБДОУ № 9 «Счастливое детство»;176;
МБДОУ №13 'Незабудка' ;168;
МБДОУ ДС №24 'Пчелка' (р-он Аэропорт) ;62;
МБДОУ Прогимназия №15;168;
МБДОУ Прогимназия №18;117;
МБДОУ ЦРР № 11 «Петушок»;253;
МБДОУ ЦРР № 14 «Ласточка»;344;
МБДОУ ЦРР № 2 «Горяночка»;93;
МБДОУ ЦРР № 20 'Аленушка';338;
МБДОУ ЦРР № 22;141;
МБДОУ ЦРР № 28;318;
МБДОУ ЦРР № 30 «Улыбка»;483;
МБДОУ ЦРР № 33 «Русалочка»;172;
МБДОУ ЦРР № 4 «Василек»;136;
МКОУ СОШ №10 (гкп)- деят. приост.;0;
МКОУ 'СОШ №12' (гкп) - деят. приост.;0;
МКОУ СОШ №2 (гкп)- деят. приост.;0;
МКДОУ Детский сад №1;140;
МКДОУ Детский сад №10;479;
МКДОУ Детский сад №13;120;
МКДОУ Детский сад №14;111;
МКДОУ Детский сад №2;139;
МКДОУ Детский сад №3;95;
МКДОУ Детский сад №4;132;
МКДОУ Детский сад №6;206;
МКДОУ ЦРР-Детский сад №11;439;
МКДОУ ЦРР-Детский сад №12 Пчелка;409;
МКДОУ ЦРР-Детский сад №8;376;
МБДОУ №33 'Юбилейный';432;
МБДОУ Д/С № 16 'Чебурашка';195;
МБДОУ Д/С № 17 'Буратино';386;
МБДОУ Д/С № 21 'Радуга';154;
МБДОУ Д/С № 24 'Ромашка';370;
МБДОУ Д/С № 26 'Родничок';465;
МБДОУ Д/С №3 'Аленушка';277;
МБДОУ Д/С №30 'Звёздочка';158;
МБДОУ Д/С №31 'Улыбка';446;
МБДОУ Д/С №8 'Дюймовочка';162;
МБДОУ ДС №32 'Соколенок'  (з-д 'Дагдизель');125;
МБДОУ ЦРР-ДС  № 1 ' Василек';164;
МБДОУ ЦРР-ДС  № 10 'Ивушка';393;
МБДОУ ЦРР-ДС № 11 'Светлячок';375;
МБДОУ ЦРР-ДС № 14 'Журавленок';387;
МБДОУ ЦРР-ДС № 15 'Незабудка';398;
МБДОУ ЦРР-ДС № 23 'Лесная сказка';233;
МБДОУ ЦРР-ДС № 25 'Джейран';407;
МБДОУ ЦРР-ДС № 28 'Якорёк';217;
МБДОУ ЦРР-ДС № 29 'Дельфинчик';460;
МБДОУ ЦРР-ДС № 5 'Гусельки';437;
МБДОУ ЦРР-ДС № 7 'Ласточка';393;
МКДОУ Д/С № 12 'Юлдуз';203;
МКДОУ Д/С № 22 'Солнышко';121;
МКОУ 'Гимназия №1' (гкп) деят.приост.;37;
МКОУ 'Гимназия №5' (гкп) деят.приост.;25;
МКОУ 'СОШ №2' (гкп) деят.приост.;15;
МКОУ 'СОШ №3' (гкп) деят. приостан.;0;
МКОУ 'СОШ №4' (гкп) деят.приост.;12;
МКОУ 'СОШ №7' (гкп) деят.приост.;36;
МКОУ 'СОШ №8' (гкп) деят.приост.;30;
МКОУ 'СОШ №9' (гкп) деят.приост.;18;
МКДОУ Д/с №1 Солнышко;163;
МКДОУ д/с №10 №Энергетик;125;
МКДОУ Д/с №2 Ласточка;160;
МКДОУ д/с №5 Теремок;277;
МКДОУ Д/с №7 Красная шапочка;70;
МКДОУ д/с №9 Колосок;123;
МКДОУ ДС №11 'Колокольчик' ;204;
МКДОУ ЦРР д/с №3 «Дюймовочка»;111;
МКДОУ ЦРР д/с №6 Чебурашка;405;
МКДОУ ЦРР д/с №8 Радуга;200;
МКДОУ-ЦРР д/с №4 Светлячок;351;
МКОУ 'Кизлярская гимназия №6 им. А.С.Пушкина' (гкп) деят. приост.;0;
МКОУ 'МПЛ №2  им. С.М.Кирова' (гкп) деят. приост.;0;
МКДОУ д/с № 1 'Синяя птица';172;
МКДОУ д/с № 12;159;
МКДОУ д/с № 2 'Березка';86;
МКДОУ д/с № 3 Тополёк;165;
МКДОУ д/с № 4 Крепыш;337;
МКДОУ д/с № 8;101;
МКДОУ д/с № 9 'Красная шапочка';105;
МКДОУ д/с №10;152;
МКДОУ д/с №13 'Светлячок';174;
МКДОУ д/с №14 Радуга  (мкр. Черемушки);334;
МКДОУ д/с №7 'Дюймовочка';147;
МКДОУ ЦРР - д/с № 11 ;320;
МКДОУ ЦРР – д/с №5;288;
МКДОУ ЦРР-д/с № 6;135;
МКОУ Прогимназия Ласточка;198;
МБДОУ ДС № 67 'Родничок' ;227;
МБДОУ ДС №1;128;
МБДОУ ДС №11;140;
МБДОУ ДС №12;103;
МБДОУ ДС №14;153;
МБДОУ ДС №15;103;
МБДОУ ДС №17;153;
МБДОУ ДС №19;241;
МБДОУ ДС №2;145;
МБДОУ ДС №20 'Соколенок' ;422;
МБДОУ ДС №21;353;
МБДОУ ДС №25 'Лучик';465;
МБДОУ ДС №29;129;
МБДОУ ДС №3;240;
МБДОУ ДС №31;491;
МБДОУ ДС №33;148;
МБДОУ ДС №35;331;
МБДОУ ДС №4;147;
МБДОУ ДС №40;184;
МБДОУ ДС №41;255;
МБДОУ ДС №42;265;
МБДОУ ДС №45 'Островок';369;
МБДОУ ДС №47;400;
МБДОУ ДС №53;289;
МБДОУ ДС №56;268;
МБДОУ ДС №6 'Горянка';171;
МБДОУ ДС №60;232;
МБДОУ ДС №63;448;
МБДОУ ДС №65;248;
МБДОУ ДС №72;347;
МБДОУ ДС №73;238;
МБДОУ ДС №75;242;
МБДОУ ДС №76;295;
МБДОУ ДС №77 'Тюльпан' (МКР М-5);411;
МБДОУ ДС №8;283;
МБДОУ ДС №83;189;
МБДОУ ДС №88;249;
МБДОУ ДС №9;241;
МБДОУ ДС №90;219;
МБДОУ ДС №91;134;
МБДОУ ДС №93;156;
МБДОУ ДС №94;181;
МБДОУ ДС №95;245;
МБДОУ ДС №96;104;
МБДОУ ЦРР-ДС №22;211;
МБДОУ ЦРР-ДС №30;197;
МБДОУ ЦРР-ДС №34;236;
МБДОУ ЦРР-ДС №37;448;
МБДОУ ЦРР-ДС №38;376;
МБДОУ ЦРР-ДС №39;374;
МБДОУ ЦРР-ДС №43;379;
МБДОУ ЦРР-ДС №44;290;
МБДОУ ЦРР-ДС №49;596;
МБДОУ ЦРР-ДС №50;427;
МБДОУ ЦРР-ДС №59;352;
МБДОУ ЦРР-ДС №62;365;
МБДОУ ЦРР-ДС №69;296;
МБДОУ ЦРР-ДС №7;526;
МБДОУ ЦРР-ДС №70;277;
МБДОУ ЦРР-ДС №81;461;
МБДОУ ЦРР-ДС №84;229;
МБДОУ ЦРР-ДС №85;332;
МБДОУ' ЦРР-ДС №86';344;
МБДОУ ЦРР-ДС №87;452;
МБОУ 'Начальная школа - детский сад № 78';300;
МБОУ 'Начальная школа - детский сад №27';215;
МБОУ 'Начальная школа - детский сад №52';229;
МБОУ Начальная школа-детский сад №71;468;
МБОУ Прогимназия №66;226;
МБОУ Прогимназия №68;197;
МБУ 'Специализированный центр для детей и подростков с компенсационными потребностями';;
МКОУ «Гимназия № 2 им.А.Сайтиева» (ГКП) деят.приост.;75;
МКОУ «Гимназия № 3» (ГКП) деят.приост.;75;
МКОУ «СОШ № 19» (ГКП) деят.приост.;80;
МКОУ «СОШ № 2»(ГКП) деят.приост.;16;
МКОУ «СОШ № 7 им. Алибекова» (ГКП) деят.приост.;0;
МКОУ «СОШ № 9» (ГКП) деят.приост.;33;
МКОУ 'Гимназия им. М. Горького' (ГКП) деят.приост.;8;
МКОУ 'СОШ № 10 им. Исмаилова' (ГКП) деят.приост.;60;
МКОУ 'СОШ № 11'  (ГКП) деят.приост.;50;
МКОУ 'СОШ № 12 им. Л.Толстого' (ГКП) деят.приост.;60;
МКОУ 'СОШ № 14' (ГКП) деят. приост.;0;
МКОУ 'СОШ № 15' (ГКП) деят.приост.;0;
МКОУ 'СОШ № 17' (ГКП) деят.приост.;75;
МКОУ 'СОШ № 4' (ГКП) деят.приост.;0;
МКОУ 'СОШ № 5' (ГКП) деят. приост;0;
МКОУ 'СОШ № 8' (ГКП) деят.приост.;30;
МКДОУ Д/С № 1 «Теремок» г.Хасавюрт;97;
МКДОУ Д/С № 2 «Колокольчик» г.Хасавюрт;88;
МКДОУ Д/С № 3 «Берёзка» г.Хасавюрт;192;
МКДОУ Д/С № 4 «Звёздочка» г.Хасавюрт;357;
МКДОУ Д/С № 5 «Алёнушка» г.Хасавюрт;217;
МКДОУ Д/С № 7 «Улыбка» ;323;
МКДОУ Прогимназия 9 Ручеёк;193;
МКДОУ ЦРР Детский сад № 8 Крепыш;225;
МКОУ Детский сад №11 'Светлячок' (пос. Бальюрт) ;323;
МКОУ 'Прогимназия № 6 'Ивушка';360;
МКОУ прогимназия №10 Сказка;244;
МКУДО 'Детский сад №2 'Ивушка' г.Южно-Сухокумск';205;
МКУДО 'Детский сад №3 'Ромашка' г.Южно-Сухокумск';190;
МКУДО 'Детский сад №5 'Солнышко' г.Южно-Сухокумск';206;
~МКОУ 'Чалдинская СОШ' (дошк. группы);11;
МКДОУ ДС 'Дюймовочка', с. Кудутль;34;
МКДОУ ДС 'Ласточка', с. Могох;32;
МКДОУ ДС 'Малыш', с. Гергебиль;121;
МКДОУ ДС 'Нур', с. Курми;67;
МКДОУ ДС 'Радуга', с. Хвартикуни;26;
МКДОУ ДС 'Ромашка', с.Кикуни;145;
МКДОУ ДС 'Солнышко', с.Гергебиль ;320;
МКДОУ ДС 'Теремок', с. Маали;45;
МКДОУ ДС 'Улыбка', с.Кикуни;141;
МКДОУ ДС 'Чебурашка', с.Аймаки;50;
МКДОУ Ясли-сад 'Пикачо', с.Мурада;15;
~МКОУ 'Данухская СОШ' (дошк. гр.) деят. приост;0;
~д/с при МКОУ 'Аргванинская СОШ' (дошк. гр.);4;
~МКОУ 'Арадирихская СОШ' (дошк. гр.);15;
~МКОУ 'В-Арадерихская НОШ' (дошк. гр.);6;
~МКОУ 'Верхнеинховская СОШ' (дошк. гр.);20;
~МКОУ 'Ингишинская СОШ'  (дошк. гр.);17;
~МКОУ 'Кунзахская ООШ' (дошк. гр.);17;
~МКОУ 'Тантаринская НОШ' (дошк. гр.);15;
~МКОУ 'Цанатлинская ООШ' (дошк. гр.);8;
МКДОУ 'Детский сад 'Колобок', с.Ново-Аргвани;69;
МКДОУ 'Детский сад 'Ласточка', с.Тлярата;28;
МКДОУ 'Детский сад 'Радуга', с.Чирката;95;
МКДОУ 'Детский сад 'Ромашка', с.Игали;112;
МКДОУ 'Детский сад 'Соколенок', с.Цилитль;19;
МКДОУ 'Детский сад 'Солнышко', с.Мехельта;140;
МКДОУ 'Детский сад 'Улыбка', с.Н.Инхо;41;
МКДОУ 'Детский сад 'Чебурашка', с. Килятль;49;
МКДОУ  Детский сад № 2, с. Бухты;23;
МКДОУ Детский сад № 3, с.Гуниб;92;
МКДОУ Детский сад №1, с.Бацада;46;
МКДОУ Детский сад №10, с.Мегеб;35;
МКДОУ Детский сад №12, с. Ругуджа;20;
МКДОУ Детский сад №13, с.Салта;11;
МКДОУ Детский сад №15, с.Согратль;37;
МКДОУ детский сад №16, с. Унты;15;
МКДОУ Детский сад №17, с. Хиндах;67;
МКДОУ Детский сад №18, с.Хоточ;61;
МКДОУ Детский сад №19, с. Чох;22;
МКДОУ Детский сад №20' с.Чох-Коммуна;33;
МКДОУ Детский сад №21, с. Шулани;21;
МКДОУ Детский сад №4, с. Гонода;30;
МКДОУ Детский сад №5, с. Кегер;18;
МКДОУ Детский сад №6, с.Корода;35;
МКДОУ Детский сад №7, с. Кудали;22;
МКДОУ Детский сад №8, с.Нижний Гуниб;35;
МКДОУ Детский сад №9, с.Нижний Кегер;15;
 МКОУ «Ирагинская  СОШ» (гкп);20;
 МКОУ «Калкнинская  СОШ» (гкп);20;
 МКОУ «Морская СОШ» (гкп);21;
 МКОУ 'Дибгашинская СОШ' (гкп);14;
 МКОУ 'Новоуркарахская СОШ' (гкп);16;
 МКОУ 'Трисанчинская СОШ' (гкп);20;
МБДОУ 'Кищинский детский сад 'Радуга';70;
МБДОУ 'Меусишинская НОШ -ДС';65;
МБДОУ ОВ  'Детский сад  'Солнышко';150;
МБДОУ ОВ 'Детский сад №1';52;
МБДОУ ОВ 'Детский сад №2';69;
МКДОУ 'Детский ясли-сад №2', с. Уркарах;69;
МКДОУ ДС №1 с. Уркарах;52;
МКДОУ Кубачинская школа-сад (НОШ), пгт. Кубачи;40;
МКДОУ ОВ 'Детский сад 'Солнышко' с. Уркарах ;150;
МКДОУ 'Олимп', с.Меусеша  ;65;
МКДОУ 'Радуга', с.Кища;70;
МКОУ 'Уркарахсая начальная школа - детский сад им. Р.Рамазанова' ;62;
МБДОУ 'Детский сад Малыш', с. Хазар;85;
МБДОУ ДС №1 с.Хазар;202;
МБДОУ ДС 'Сказка', пгт. Мамедкала (40 м.) ;67;
МКДОУ Детский сад  с. Татляр;92;
МКДОУ ДС  'Юлдуз',  пгт.Мамедкала;174;
МКДОУ ДС №1 'Росинка', с.Берикей;159;
МКДОУ ДС №1 Улыбка, с.Геджух;193;
МКДОУ ДС №2 Ягодка, с.Геджух;215;
МКДОУ ДС 'Айгюн', с. Белиджи ;115;
МКДОУ ДС Алёна, пгт. Белиджи;52;
МКДОУ ДС 'Звездочка', с. Сабнова' ;101;
МКДОУ ДС им. Бабаева Г.О., с.Салик;158;
МКДОУ ДС 'Клубничка' с.Уллутеркеме;76;
МКДОУ ДС 'Колосок', с.Деличобан;91;
МКДОУ ДС 'Ласточка', с.Джемикент;90;
МКДОУ ДС 'Ласточка', с.Чинар;159;
МКДОУ ДС с. Великент;74;
МКДОУ ДС 'Севиндж', с.Падар ;92;
МКДОУ ДС 'Солнышко', с.Кала;82;
МКДОУ ДС Чебурашка, пгт. Белиджи;78;
МКОУ «Школа-сад им.Курбанова С.Д», с.Н.Джалган;84;
МКОУ «Микрахказмалярская СОШ» (гкп) деят. приост.;0;
МКДОУ «Венера», с.Микрах (деят. приост.);0;
МКДОУ «Звездочка», с. Авадан  на кап. рем.;0;
 МКОУ 'Аваданская СОШ' (гкп);51;
 МКОУ 'Каракюринская СОШ' (гкп);11;
 МКОУ 'Курушская СОШ' (гкп);13;
МКДОУ  Детский сад «Аленушка», с.Новокаракюре;79;
МКДОУ  Детский сад 'Бахча' с. Килер;101;
МКДОУ Детский сад «Солнышко», с.Мискинджа;60;
МКДОУ Детский сад Ласточка (с.Усухчай) ;111;
МКОУ «Гертминская СОШ им. Абдулмуслимова М.А.» (ГКП) реконстр.;14;
 МКОУ «Калининаульская СОШ имени Героя России Гайирханова М.М.» (ГКП);34;
 МКОУ «Ленинаульская  СОШ №1  имени Героя СССР Х.Нурадилова» (гкп);34;
 МКОУ 'Гимназия Культуры мира', с.Гуни (гкп);13;
МКДОУ Д/с №1 'Ромашка', пгт.Дубки;160;
МКДОУ 'Д/с №2 Солнышко', пгт.Дубки;143;
МКДОУ 'Д/с 'Колокольчик', Калининаул;205;
МКДОУ 'Д/с 'Ласточка', с.Хубар;80;
МКДОУ 'Д/с 'Лачен', с.Гертма;80;
МКДОУ 'Д/с общеразвивающего вида №2 Светлячок', с.Дылым;166;
МКДОУ 'Д/с 'Солнышко', с.Инчха;135;
МКДОУ Д/с 'Улыбка', с.Гуни;143;
МКДОУ 'Д/с 'Чебурашка', с.Ленинаул;170;
МКДОУ 'Детский сад  'Колобок', с.Алмак;75;
МКДОУ 'Детский сад имени  Гаджи Махачева';70;
МКДОУ 'Детский сад 'Радуга', с.Ленинаул ;255;
МКДОУ 'ЦРР - Д/с №1 'Сказка', с.Дылым;292;
МКДОУ 'ЦРР -Детский сад №3 'Журавушка', с.Дылым;292;
МКОУ 'Сурхачинская СОШ' (ГКП) деят. приост.;0;
МКДОУ ДС №1  'Улыбка', с. Маджалис;119;
МКДОУ ДС №2 'Родничок', с.Маджалис;148;
МКДОУ ДС №3 'Ручеек', с.Маджалис;146;
МКДОУ ДС №4 'Светлячок', с. Янгикент;22;
МКДОУ ДС №5 'Ромашка', с.Маджалис +;132;
МКДОУ ДС №1 Солнышко, с.Карабудахкент (кап.рем.);19;
МБДОУ Детский сад №10 'Чебурашка', пгт.Манас;196;
МБДОУ Детский сад №11 'Ласточка', с.Манаскент;126;
МБДОУ 'Детский сад №18 'Ясмина', с. Н.Параул;120;
МБДОУ 'Детский сад №20 'Счастливый малыш', с.Агачаул;120;
МБДОУ 'Детский сад №22 'Замок детства', с.Гурбуки ;150;
МБДОУ 'Детский сад №23 'Страна чудес', с.Гурбуки ;150;
МБДОУ Детский сад №25 'Аистенок', с.Карабудахкент ;;
МБДОУ Детский сад №3 'Бекенез', с.Карабудахкент;283;
МБДОУ Детский сад №4 'Улыбка', с.Какашура;126;
МБДОУ Детский сад №6 'Теремок', с.Доргели;120;
МБДОУ Детский сад №7 'Ласточка', с.Параул;118;
МБДОУ Детский сад №8 'Ручеек', с.Гели;135;
МБДОУ ДС №12 Фиалка, с.Уллубийаул;255;
МБДОУ ДС №13 'Родничок', с.Гурбуки;80;
МБДОУ ДС №14 'Сказка', с.Карабудахкент;89;
МБДОУ ДС №15  'Счастливое детство', пгт.Ачису;83;
МБДОУ ДС №15 'Звездочка', с.Агачаул;70;
МБДОУ ДС №16 'Золушка', с.Карабудахкент;69;
МБДОУ ДС №17 'Анжи',  с.Губден;60;
МБДОУ ДС №19 'Карапуз', с. Манаскент ;90;
МБДОУ ДС №2 Юлдуз, с.Карабудахкент;254;
МБДОУ ДС №21 'Волшебник', с.Губден  ;60;
МБДОУ ДС №5 Лачин, с.Зеленоморск;82;
МБДОУ ДС №9 Ромашка, пгт.Манас;62;
МБОУ 'Гергинская СОШ' (ГКП) деят.приост.;15;
МБОУ 'Дружбинская СОШ' (ГКП) деят. приост.;0;
МБОУ 'Новокаякентская СОШ' (ГКП) деят. приостан;0;
 МБОУ 'Каякентская СОШ № 1' (гкп);15;
МБДОУ №1 с.Алходжакент;67;
МБДОУ №2 с.Алходжакент;35;
МБДОУ 'Детский сад 'Радуга', с.Первомайское  ;193;
МБДОУ с. Герга;59;
МБДОУ с. Дружба;196;
МБДОУ с. Первомайское;114;
МБДОУ с. Утамыш;39;
МБДОУ с.Башлыкент;132;
МБДОУ с.Усемикент;117;
МБДОУ Соколенок с.Каранайаул;177;
МБДОУ 'Солнышко', с.Каякент ;263;
МБДОУ Чебурашка с.Новокаякент;238;
МБДОУ Юлдуз с.Каякент;455;
МБОУ Новокаякентская начальная школа-детский сад;84;
МКДОУ 'Василек', с. Кульзеб  ;;
МКДОУ 'Детский сад 'Дюймовочка', с.Султанянгиюрт;212;
МКДОУ 'Детский сад общеразвивающего вида  'Ветерок' с.Новочиркей ;105;
МКДОУ 'Детский сад общеразвивающего вида  'Звездочка', с.Нечаевка;84;
МКДОУ 'Детский сад общеразвивающего вида 'Малыш', с.Чонтаул;51;
МКДОУ 'Детский сад общеразвивающего вида 'Радуга', с. Кироваул;53;
МКДОУ 'Детский сад общеразвивающего вида 'Сказка' с.Стальское;103;
МКДОУ 'Детский сад общеразвивающего вида 'Соколенок', с.Комсомольское;90;
МКДОУ 'Детский сад общеразвивающего вида 'Теремок', с.Новочиркей;74;
МКДОУ 'Детский сад общеразвивающего типа 'Ласточка', с.Акнада;49;
МКДОУ ЦРР 'Детский сад общеразвивающего вида 'Тюльпан' с, Зубутли-Миатли;102;
МКДОУ 'Аверьяновский детский сад';101;
МКДОУ 'Александрийский детский сад';100;
МКДОУ 'Большеарешевский детский сад';52;
МКДОУ 'Большезадоевский детский сад';40;
МКДОУ 'Журавлик', с. им. Жданова ;109;
МКДОУ 'Кардоновский детский сад';80;
МКДОУ 'Коллективизаторский детский сад';19;
МКДОУ 'Косякинский детский сад';53;
МКДОУ 'Крайновский детский сад';45;
МКДОУ 'Малоарешевский детский сад';60;
МКДОУ 'Новокохановский детский сад';42;
МКДОУ 'Октябрьский детский сад';48;
МКДОУ 'Победовский детский сад';59;
МКДОУ 'Пролетарский детский сад';56;
МКДОУ 'Цветковский детский сад';104;
МКДОУ 'Черняевский детский сад';69;
МКДОУ 'Юбилейный детский сад';89;
МКДОУ 'Яснополянский детский сад';40;
МКОУ 'Канинская ООШ' (ГКП) деят.приост.;6;
МКОУ 'Кулинская СОШ №2' (гкп) деят.приост.;2;
МКОУ 'Сумбатлинская ООШ' (ГКП) деят. приостан.;1;
МКОУ 'Цыйшинская СОШ' (ГКП) деят. приостан.;1;
МК ДОУ Хосрехский детский сад;30;
МКДОУ Вачинский детский сад;32;
МКДОУ Вихлинский детский сад;36;
МКДОУ Кулинский детский сад;80;
МКОУ Каялинская школа-сад №4 (СОШ);16;
МКОУ 'Хайхинская школа-сад' (ООШ) ;7;
МКОУ 'Тюбинская СОШ' (ГКП) деят. приост;0;
МКДОУ детский сад 'Радость', с.Коркмаскала;420;
МКДОУ 'Солнышко', с.Коркмаскала ;196;
МКОУ 'Курахская СОШ №2' (ГКП)- деят. приост;0;
 МКОУ Аладашская СОШ (ГКП) ;9;
 МКОУ 'Гельхенская школа-детсад' (гкп) ;10;
 МКОУ Икринская СОШ  (ГКП) ;10;
 МКОУ 'Икринская СОШ-интернат им. З.Л.Батманова'(ГКП);;
 МКОУ 'Моллакентская СОШ' (ГКП);10;
 МКОУ 'Усугская СОШ' (ГКП);7;
 МКОУ 'Хпеджская СОШ (гкп) ;;
 МКОУ 'Хпюкская СОШ' (гкп);15;
МКДОУ Аладашский детский сад Аленушка;30;
МКДОУ Ашарская СОШ - детский сад Радуга;14;
МКДОУ Гельхенская СОШ - детский сад 'Родничок';15;
МКДОУ Икринский детский сад Мечта;45;
МКДОУ Кабирский детский сад Улыбка;39;
МКДОУ Кумукская СОШ- детский сад 'Кард';27;
МКДОУ 'Курахская СОШ №1-детский сад 'Гияр' (№3);35;
МКДОУ Курахский детский сад №1 Солнышко;70;
МКДОУ Курахский детский сад №2 Аленушка;70;
МКДОУ Кучхюрская СОШ - детский сад 'Заря';23;
МКДОУ Моллакентский детский сад Ласточка;45;
МКДОУ Хвереджская СОШ - детский сад 'Сказка';9;
МКДОУ Шимихюрская СОШ- детский сад 'Орленок';30;
МКОУ Уринская ООШ» (ГКП) деят. приост;0;
 МКОУ «Кубинская ООШ» (ГКП);8;
 МКОУ «Курклинская СОШ» (ГКП);6;
 МКОУ «Унчукатлинская СОШ» (гкп);8;
 МКОУ «Хурхинская СОШ» (ГКП);13;
 МКОУ «Чуртахская ООШ» (ГКП);8;
 МКОУ «Шаринская СОШ» (ГКП);8;
МКДОУ 'Детский сад 'Солнышко' с.Кумух (60 м.) ;60;
МКДОУ Кумухский д/сад;109;
МКДОУ 'Детский сад 'Львенок', с.Кутиша;79;
МКДОУ ДС  'Журавлик', с. Карлабко;45;
МКДОУ ДС ' Золотой луг', с.Леваши ;90;
МКДОУ ДС  'Ласточка', с.Н.Чугли (60 м.)  ;40;
МКДОУ ДС  'Ручеек', с.Хахита ;55;
МКДОУ ДС №1 'Солнышко', с.Леваши;265;
МКДОУ ДС №2 'Радуга',  с.Леваши;162;
МКДОУ ДС №3 'Сказка', с.Леваши ;55;
МКДОУ ДС №4 'Снежинка', с.Леваши ;64;
МКДОУ ДС 'Березка', с.Арада-Чугли;69;
МКДОУ ДС 'Дубурлан', с.В.Лабкомахи (40 м.) ;42;
МКДОУ ДС 'Звездочка', с.Урма-;80;
МКДОУ ДС 'Ласточка с.Мекеги  + (120 м.) ;121;
МКДОУ ДС 'Непоседа', с. Джангамахи (40 м.) ;39;
МКДОУ ДС 'Орленок', с. Урма;80;
МКДОУ ДС 'Радость', с.Урма ;77;
МКДОУ ДС 'Райские птички', с. Хахита ;74;
МКДОУ ДС 'Родничок, с.Куппа (40 м.) ;40;
МКДОУ ДС 'Ромашка', с.Какамахи;60;
МКДОУ ДС 'Соколенок', с.Кулецма;80;
МКДОУ ДС 'Теремок', с.Кутиша;65;
МКДОУ ДС 'Улыбка', с. Хаджалмахи ;157;
МКДОУ ДС 'Чебурашка, с.Карекадани (40 м.) ;35;
МКОУ 'Аялакабская СОШ-сад', с. Аялакаб;17;
МКОУ 'Азадоглынская СОШ' (ГКП) деят.приост.;18;
МКОУ 'Гарахская ООШ' (ГКП) деят.приост;0;
МКОУ 'Картасказмалярская СОШ' (ГКП) деят.приост.;19;
МКОУ 'Киркинская СОШ им. Аликберова Г.А.' (ГКП) деят.приост.;8;
МКОУ 'Мугерганская СОШ' (ГКП) деят.приост.;9;
МКОУ 'Оружбинская СОШ' (ГКП) деят.приост.;24;
МКОУ 'Приморская ООШ' (ГКП)  деят. приост.;0;
МКОУ 'Советская СОШ' (ГКП) деят.приост.;30;
МКОУ 'Тагиркентская ООШ' (ГКП) деят.приост.;7;
МКОУ 'Хорельская СОШ' (ГКП) деят.приост.;10;
МКОУ 'Целегюнская СОШ' (ГКП) деят.приост.;11;
 МКОУ  'Гапцахская СОШ им. Т.Н.Нагиева' (ГКП);23;
 МКОУ 'Билбильская СОШ им. М.Абдуллаева' (ГКП);28;
 МКОУ 'Бут-Казмалярская СОШ' (ГКП);32;
 МКОУ 'Гильярская СОШ' (ГКП);21;
 МКОУ 'Джепельская ООШ' (ГКП);9;
 МКОУ 'Капирказмалярская СОШ' (ГКП);32;
 МКОУ 'Кличханская ООШ' (ГКП);4;
 МКОУ 'Куйсунская СОШ' (ГКП);28;
 МКОУ 'Кчунказмалярская СОШ' (ГКП);15;
 МКОУ 'Магарамкентская СОШ №1 им. М.Гаджиева' (гкп);44;
 МКОУ 'Магарамкентская СОШ №2' (ГКП);14;
 МКОУ 'Новоаульская СОШ им. Исмаилова Т.' (ГКП);34;
 МКОУ 'Самурская СОШ' (ГКП);45;
 МКОУ 'Тагиркент-казмалярская СОШ' (ГКП);28;
 МКОУ 'Филялинская СОШ' (ГКП);21;
 МКОУ 'Ходжаказмалярская СОШ им. М.К.Казиева' (ГКП);7;
 МКОУ 'Хутунказмалярская ООШ' (ГКП);24;
 МКОУ 'Чахчах-Казмалярская СОШ им. М.М.Мерзаметова' (ГКП);28;
 МКОУ 'Ярагказмалярская СОШ им. М.Ярагского' (ГКП);42;
 МКОУ 'Ярукваларская основная общеобразовательная школа' (ГКП);6;
МКДОУ ДС 'Алёнушка', с.Филя;91;
МКДОУ ДС 'Билбил', с.Билбиль;43;
МКДОУ ДС 'Буратино, с.Куйсун;60;
МКДОУ ДС 'Дюймовочка', с.Картасказмаляр;50;
МКДОУ ДС 'Звездочка', с.Тагиркент-Казмаляр;20;
МКДОУ ДС 'Золушка', с.Бут;65;
МКДОУ ДС 'Колобок', с.Кирка;61;
МКДОУ ДС 'Красная шапочка', с.Советское;65;
МКДОУ ДС 'Ласточка', с.Советское;113;
МКДОУ ДС 'Лесная', с.Самур;20;
МКДОУ ДС 'Радуга', с.Гильяр;60;
МКДОУ ДС 'Родничок', с.Азадоглы;25;
МКДОУ ДС 'Ромашка', с.Новый Аул;26;
МКДОУ ДС 'Русалочка', с.Приморское ;44;
МКДОУ ДС 'Сказка', с.Гапцах;117;
МКДОУ ДС 'Соколенок', с.Тагиркент-Казмаляр;70;
МКДОУ ДС 'Солнышко', с.Магарамкент;251;
МКДОУ ДС 'Теремок', с.Магарамкент;83;
МКДОУ ДС 'Улыбка', с.Ярагказмаляр;134;
МКДОУ ДС 'Чебурашка', с.Оружба;62;
МКОУ «Тухчарская СОШ №1» (ГКП) деят. приост.;0;
 МКОУ «Банайюртовская СОШ» (ГКП);21;
 МКОУ «Барчхойотарская СОШ» (ГКП);28;
 МКОУ «Гамияхская СОШ №2» (ГКП);16;
 МКОУ «Гамияхская СОШ» (ГКП);4;
 МКОУ «Дучинская СОШ № 2» (ГКП);10;
 МКОУ «Новокулинская СОШ №2» им Аметхана Султана (ГКП);46;
 МКОУ «Новолакская СОШ №1» (гкп);15;
 МКОУ «Новомехельтинская СОШ» (ГКП);1;
 МКОУ «Новочуртахская СОШ №1» (ГКП);14;
 МКОУ «Новочуртахская СОШ №2» (ГКП);24;
 МКОУ «Тухчарская ООШ» (ГКП);27;
 МКОУ «Чапаевская СОШ №1» (ГКП);9;
 МКОУ «Чаравалинская СОШ» (ГКП);18;
 МКОУ «Шушинская СОШ» (ГКП);8;
 МКОУ «Ямансуйская СОШ» (ГКП);30;
 МКОУ 'Ахарская СОШ' (ГКП);7;
 МКОУ 'Гамияхская СОШ №1' (ГКП);18;
 МКОУ 'Новокулинская СОШ №1' (гкп);13;
 МКОУ 'Тухчарская СОШ' (ГКП);5;
~МКДОУ Детский сад 'Дюймовочка', с. Новокули (дошк. гр. при  МОУ Новокули СОШ №1);54;
МБДОУ Детский сад 'Буратино', с.Новолакское;215;
МКДОУ 'Детский сад 'Радуга №1', с.Новочуртах (Новострой) ;115;
МКДОУ Детский сад 'Радуга', с.Новочуртах;85;
МКДОУ 'Детский сад 'Сказка' с.Новолакское ;165;
МКДОУ Детский сад 'Солнышко', с.Чапаево +;195;
МКДОУ ДС «Айсылув», с.Терекли-Мектеб;98;
МКДОУ ДС «Алтын Кус», с.Карагас;78;
МКДОУ ДС «Алтынай», с.Кумли ;39;
МКДОУ ДС «Карлыгашлар», с.Кунбатар;81;
МКДОУ ДС «Куьпелек», с.Боранчи;24;
МКДОУ ДС «Кызыл Гуьль», с. Червленные Буруны;73;
МКДОУ ДС «Лашын» с.Батыр-Мурза;18;
МКДОУ ДС «Ногай Эл», с.Терекли-Мектеб ;398;
МКДОУ ДС «Шолпан», с.Нариман;76;
МКДОУ ДС «Юлдуз»,  с. Ортатюбе;42;
МКДОУ ДС «Юлдыз», с.Терекли-Мектеб;250;
 МКОУ 'Амсарская СОШ' (гкп);4;
 МКОУ 'Аракульская СОШ' (гкп);6;
 МКОУ 'Аранская СОШ' (гкп);23;
 МКОУ 'Верхне-Катрухская СОШ' (гкп);5;
 МКОУ 'Гельмецкая СОШ' (гкп);17;
 МКОУ 'Дженыхская СОШ' (гкп);8;
 МКОУ 'Джилихурская СОШ' (гкп);18;
 МКОУ 'Ихрекская ООШ' (гкп);0;
 МКОУ 'Ихрекская СОШ' (гкп).;22;
 МКОУ 'Калинская СОШ' (гкп);20;
 МКОУ 'Кининская СОШ' (гкп);19;
 МКОУ 'Кичинская СОШ' (гкп);13;
 МКОУ 'Курдульская ООШ' (гкп);5;
 МКОУ 'Куфинская СОШ' (гкп);15;
 МКОУ 'Лучекская СОШ' (гкп);9;
 МКОУ 'Микикская СОШ' (гкп);4;
 МКОУ 'Мишлешская СОШ' (гкп);55;
 МКОУ 'Муслахская СОШ' (гкп);12;
 МКОУ 'Нижне-Катрухская СОШ' (гкп);6;
 МКОУ 'Рутульская СОШ №1 им.Гусейнова' (гкп);39;
 МКОУ 'Рутульская СОШ №2 им. Мирзоева' (гкп);6;
 МКОУ 'Хлютская СОШ' (гкп);28;
 МКОУ 'Цахурская СОШ' (гкп);10;
 МКОУ 'Цудикская СОШ' (гкп);9;
 МКОУ 'Шиназская СОШ' (гкп);19;
МКДОУ ДС «Настенька», с.Мишлеш;40;
МКДОУ ДС «Орленок», с.Ихрек;45;
МКДОУ ДС «Радость», с.Рутул;74;
МКДОУ ДС «Солнышко», с.Хлют;30;
МКДОУ ДС «Улыбка», с.Рутул;105;
МКОУ Мюрегинская СОШ (гкп) - деят. приост.;0;
МКДОУ ' Детский сад с. Ванашимахи' (на реконстр);22;
МКДОУ ' Детский сад с. Кадиркент' (на реконстр);23;
МКДОУ ' Детский сад №1 с.Сергокала';127;
МКДОУ ' Детский сад №2 с.Сергокала';69;
МКДОУ ' Детский сад №3 с.Сергокала';116;
МКДОУ ' Детский сад №4 с.Сергокала';93;
МКДОУ ' Детский сад с. Бурдеки';31;
МКДОУ ' Детский сад с. Дегва';17;
МКДОУ ' Детский сад с. Миглакасимахи';20;
МКДОУ ' Детский сад с. Нижнемахарги';23;
МКДОУ  'Детский сад 'Теремок' с. Новое Мугри';20;
МКДОУ 'Детский сад 'Олимпийский', с.Сергокала ;204;
МКДОУ 'Детский сад с. Аялизимахи';23;
МКДОУ 'Детский сад с. Кичигамри';50;
МКДОУ 'Детский сад с. Краснопартизанск';30;
МКДОУ 'Детский сад с. Маммаул';30;
МКДОУ 'Детский сад с. Мюрего';123;
МКДОУ 'Детский сад с. Урахи';28;
МКДОУ 'Детский сад с.Мургук' ;93;
МКДОУ  Ортастальский детский сад;78;
МКДОУ Ашагастальский детский сад;62;
МКДОУ Герейхановский детский сад;104;
МКДОУ ДС 'Чубарук', с.Ашага-Стал-Казмаляр +;148;
МКДОУ Карчагский детский сад;61;
МКДОУ Касумкентский детский сад №1;91;
МКДОУ Касумкентский детский сад №2;264;
МКДОУ Касумкентский детский сад №3;97;
МКДОУ Куркентский детский сад;69;
МКДОУ Новомакинский детский сад;119;
МКДОУ Нютюгский детский сад;62;
МКДОУ Сардаркентский детский сад «Аманат» ;48;
МКДОУ Юхаристальский детский сад;82;
МКДОУ «Бурганкентский детский сад «Радуга» на кап.рем.;0;
МБДОУ 'Урзигский детский сад 'Орленок' ;25;
МКДОУ «Аркитский детский сад «Улдуз»»;50;
МКДОУ «Гасикский детский сад «Жемчужина»;25;
МКДОУ «Гелинбатанский детский сад «Рассвет»»;26;
МКДОУ «Гурикский детский сад «Солнышко»»;50;
МКДОУ «Гурхунский детский сад «Радуга»;25;
МКДОУ «Гюхрягский детский сад «Чебурашка»»;25;
МКДОУ «Дагнинский детский сад «Заря»»;24;
МКДОУ «Дарвагский детский сад «Улыбка»» ;150;
МКДОУ «Джулджагский детский сад «Радость»»;76;
МКДОУ «Дюбекский детский сад «Колокольчик»»;50;
МКДОУ «Ерсинский детский сад «Улдуз»»;50;
МКДОУ «Кужникский детский сад «Чебурашка»»;50;
МКДОУ «Кюрягский детский сад «Русалочка»»;25;
МКДОУ «Марагинский детский сад «Радуга»»;50;
МКДОУ «Новолиджинский детский сад «Солнышко»»;25;
МКДОУ «Пилигский детский сад «Ласточка»»;50;
МКДОУ «Сиртичский детский сад «Солнышко»»;100;
МКДОУ «Татилский детский сад «Радуга»»;75;
МКДОУ «Тинитский детский сад «Ручеёк»»;50;
МКДОУ «Турагский детский сад «Радуга»»;50;
МКДОУ «Улузский детский сад «Звезда»»;25;
МКДОУ «Фиргильский детский сад «Новичок»»;24;
МКДОУ «Халагский детский сад «Солнышко»»;50;
МКДОУ «Ханагский детский сад «Рубас»;50;
МКДОУ «Хапильский детский сад «Улыбка»;25;
МКДОУ «Хили-пенджикский детский сад «Ласточка»»;50;
МКДОУ «Хурикский детский сад «Радуга»»;98;
МКДОУ «Цалакский детский сад «Теремок»;50;
МКДОУ «Цанакский детский сад «Улыбка»»;25;
МКДОУ «Чурдафский детский сад «Ласточка»»;25;
МКДОУ «Шиленский детский сад «Радуга»»;25;
МКДОУ «Ягдыгский детский сад «Алёнка»»;49;
МКДОУ 'Джугдильский детский сад 'Ласточка' ;50;
МКДОУ 'Чулатский детский сад 'Огонек' ;50;
МКОУ «Гимназия Табасаранского района», с. Хучни;318;
МКДОУ 'Ново-Романовский д/с 'Колокольчик' на кап. рем.;0;
МКДОУ 'Александро-Невский д/с 'Колокольчик';45;
МКДОУ 'Калиновский д/с 'Теремок';21;
МКДОУ 'Карабаглинский д/с' Радуга';20;
МКДОУ 'Кочубейский д/с 'Чебурашка';75;
МКДОУ 'Кочубейский д/с'Солнышко';75;
МКДОУ 'Ново-Георгиевский д/с' Аленка';26;
МКДОУ 'Ново-Дмитриевский д/с 'Солнышко';40;
МКДОУ 'Раздольевский д/с' Аленушка';23;
МКДОУ 'Рассветовский д/с 'Гнездышко';24;
МКДОУ 'Таловский д/с'Ивушка';23;
МКДОУ 'Тарумовский д/с 'Тополек';203;
МКОУ 'Коктюбейская ООШ' (д/с' Золотая рыбка');16;
МКДОУ «Анцухский детский сад» Тляратинского района;15;
МКДОУ «Бетельдинский детский сад» Тляратинского района;15;
МКДОУ «Гведышинский детский сад» Тляратинского района;15;
МКДОУ «Генеколобский детский сад» Тляратинского района;15;
МКДОУ «Гиндибский детский сад» Тляратинского района;15;
МКДОУ «Гиндухский детский сад» Тляратинского района;15;
МКДОУ «Жажадинский детский сад» Тляратинского района;15;
МКДОУ «Камилюхский детский сад» Тляратинского района;15;
МКДОУ «Кардибский детский сад» Тляратинского района;15;
МКДОУ «Кособский детский сад» Тляратинского района;15;
МКДОУ «Кутлабский детский сад» Тляратинского района;30;
МКДОУ «Ландинский детский сад» Тляратинского района;15;
МКДОУ «Мазадинский детский сад» Тляратинского района;15;
МКДОУ «Никарский детский сад» Тляратинского района;15;
МКДОУ «Нитиицухский детский сад» Тляратинского района ;15;
МКДОУ «Нурухский детский сад» Тляратинского района ;15;
МКДОУ «Роснобский детский сад» Тляратинского района ;30;
МКДОУ «Саниортинский детский сад» Тляратинского района;15;
МКДОУ «Талцухский детский сад» Тляратинского района;15;
МКДОУ «Тлянадинский детский сад» Тляратинского района;14;
МКДОУ «Тляратинский ясли-сад » Тляратинского района, 'Джурмут' ;140;
МКДОУ «Тох-ординский ясли-сад» Тляратинского района;25;
МКДОУ «Тохотинский детский сад» Тляратинского района;15;
МКДОУ «Укальский ясли-сад» Тляратинского района;55;
МКДОУ «Хадияльский детский сад» Тляратинского района;14;
МКДОУ «Хидибский детский сад» Тляратинского района;15;
МКДОУ «Хиндахский детский сад» Тляратинского района;15;
МКДОУ «Цумилюхский детский сад» Тляратинского района;15;
МКДОУ «Чадаколобский детский сад» Тляратинского района;30;
МКДОУ «Чилдинский детский сад» Тляратинского района;12;
МКДОУ «Чородинский детский сад» Тляратинского района;15;
МКДОУ  ДС №8 'Солнышко', пгт.Шамилькала;141;
МКДОУ ДС №1 'Ромашка', с.Унцукуль;150;
МКДОУ ДС №10 'Снежинка', с.Кахабросо;50;
МКДОУ ДС №11 'Сосна', с.Ашильта;67;
МКДОУ ДС №12 'Чебурашка', с.Цатаних;34;
МКДОУ ДС №13 'Колобок', с. Гимры ;90;
МКДОУ ДС №2 Ласточка, с. Унцукуль;232;
МКДОУ ДС №3 'Фиалка', с.Ирганай;109;
МКДОУ ДС №4 'Теремок', с. Гимры;192;
МКДОУ ДС №5 'Соколенок', с.Майданское;117;
МКДОУ ДС №6 'Звездочка', с.Балахани;50;
МКДОУ ДС №7 'Улыбка', с.Аракани;49;
МКДОУ ДС №9 'Сказка', пгт. Шамилькала ;289;
 МКОУ «Аджимажагатюртовская СОШ» (ГКП);10;
 МКОУ «Адильотарская СОШ» (ГКП);32;
 МКОУ «Акбулатюртовская СОШ» (ГКП);11;
 МКОУ «Аксайская СОШ № 1 им. З.Н.Батырмурзаева» (ГКП);31;
 МКОУ «Аксайская СОШ № 2 им. Х.Г.Магидова» (ГКП);14;
 МКОУ «Байрамаульская СОШ» (ГКП);47;
 МКОУ «Бамматюртовская СОШ» (ГКП);10;
 МКОУ «Борагангечувская СОШ» (ГКП);24;
 МКОУ «Боташюртовская СОШ им.Б.Т.Ахаева» (ГКП);51;
 МКОУ «Ботаюртовская СОШ им. Н.П.Жердева» (ГКП);34;
 МКОУ «Генжеаульская СОШ им. М.М.Зумаева» (ГКП);18;
 МКОУ «Гимназия Культуры мира им. А.Д.Адилсолтанова» (ГКП);53;
 МКОУ «Гоксувотарская СОШ» (ГКП);15;
 МКОУ «Дзержинская СОШ» (ГКП);19;
 МКОУ «Ичичалинская СОШ им. Б.Г.Битарова» (ГКП);15;
 МКОУ «Кадыротарская СОШ» (ГКП);8;
 МКОУ «Казмааульская СОШ» (ГКП);29;
 МКОУ «Кандаураульская СОШ им. О.К.Кандаурова» (ГКП);25;
 МКОУ «Карланюртовская СОШ им. А.Д.Шихалиева» (ГКП);60;
 МКОУ «Кемсиюртовская СОШ» (ГКП);20;
 МКОУ «Кокрекская СОШ» (ГКП);28;
 МКОУ «Костекская СОШ им. Б.Ш.Бакиева» (ГКП);3;
 МКОУ «Курушская СОШ № 1 им. А.Б.Айдунова» (ГКП);47;
 МКОУ «Курушская СОШ № 2 им. Я.С.Аскандарова» (ГКП);22;
 МКОУ «Могилевская СОШ им. Н.У.Азизова» (ГКП);55;
 МКОУ «Моксобская СОШ им. О-Г.М.Шахтаманова» (ГКП);7;
 МКОУ «Муцалаульская СОШ № 1 им.А.Я.Абдуллаева» (гкп);90;
 МКОУ «Муцалаульская СОШ № 2» (ГКП);38;
 МКОУ «Новогагатлинская СОШ им. Х.С.Салимова» (ГКП);59;
 МКОУ «Новокостекская СОШ» (ГКП);75;
 МКОУ «Новосаситлинская СОШ» (ГКП);18;
 МКОУ «Новосельская СОШ» (ГКП);33;
 МКОУ «Октябрьская СОШ» (ГКП);33;
 МКОУ «Османюртовская СОШ» (ГКП);50;
 МКОУ «Первомайская СОШ им.И.Г.Исакова» (ГКП);30;
 МКОУ «Петраковская СОШ» (ГКП);37;
 МКОУ «Покровская СОШ» (ГКП);60;
 МКОУ «Пятилеткинская СОШ» (ГКП);21;
 МКОУ «Садовая СОШ» (ГКП);13;
 МКОУ «Сивухская СОШ» (ГКП);84;
 МКОУ «Советская СОШ им. Ш.Т.Амичева» (ГКП);21;
 МКОУ «Солнечная СОШ» (ГКП);48;
 МКОУ «Ст.Карланюртовская СОШ» (ГКП);22;
 МКОУ «Сулевкентская СОШ им.С.А.Абдулаева» (ГКП);31;
 МКОУ «Темираульская СОШ им. Б.Ш.Баймурзаева» (ГКП);50;
 МКОУ «Теречная СОШ» (ГКП);30;
 МКОУ «Тукитинская СОШ» (ГКП);9;
 МКОУ «Хамавюртовская СОШ им.А.М.Аджиева» (ГКП);72;
 МКОУ «Чагаротарская СОШ им.А.И.Исмаилова» (ГКП);54;
 МКОУ «Шагадинская СОШ» (ГКП);25;
 МКОУ «Эндирейская СОШ № 1» (ГКП);36;
 МКОУ «Эндирейская СОШ № 2» (ГКП);7;
 МКОУ Тотурбийкалинская СОШ (гкп) ;18;
МБДОУ ДС 'Восточное', с. Восточный г.Хасавюрт;260;
МБДОУ ДС 'Звездочка', с.Новый Костек ;142;
МБДОУ ДС 'Ивушка', с.Аксай;165;
МБДОУ ДС 'Ласточка', с.Эндирей ;184;
МБДОУ ДС 'Радуга', с.Новогагатли;171;
МБДОУ ДС Родничок с.Новосельское;139;
МБДОУ ДС 'Ромашка', с.Костек;130;
МБДОУ ДС 'Салам', с.Новосасетли;120;
МБДОУ ДС 'Седа', с.Солнечное;287;
МБДОУ ДС 'Сказка', с.Бамматюрт;185;
МБДОУ ДС 'Солнышко', г.Хасавюрт;429;
МБДОУ ДС 'Теремок', с.Тотурбийкала ;180;
МБДОУ ДС 'Улыбка', с.Кокрек;297;
МКДОУ 'Хореджский детсад 'Дюймовочка' (на реконстр.);0;
МКДОУ 'Архитский детский сад 'Улыбка' ;55;
МКДОУ 'Захитский детсад 'Ягодка';64;
МКДОУ 'Кандикский детсад 'Чебурашка';44;
МКДОУ 'Ляхлинский детсад 'Тюльпан';19;
МКДОУ 'Межгюльский детсад 'Родничок';28;
МКДОУ 'Фригский детсад 'Ласточка';46;
МКДОУ 'Хивский д.с. №2 'Ромашка', с.Хив ;98;
МКДОУ 'Хивский детсад №1 'Солнышко';160;
МКДОУ 'Яракский детсад 'Радуга';21;
МКДОО «Детский сад «Огонек», с.Ках ;14;
МКДОО 'Детский сад 'Колосок', с. Мочох ;17;
МКДОУ  Детский сад Колокольчик, с.Чондотль  (15 мест);10;
МКДОУ Детский сад №1 Аленушка с. Гоцатль;48;
МКДОУ Детский сад №1 Малыш с.Хунзах;113;
МКДОУ Детский сад №2 Ивушка с. Гоцатль;66;
МКДОУ Детский сад №2 ЦРР Солнышко с. Хунзах;97;
МКДОУ Детский сад №3 Ласточка с. Хунзах;60;
МКДОУ Детский сад Березка с.Арани;64;
МКДОУ Детский сад Буратино с. Мущули;17;
МКДОУ Детский сад Елочка с. Тлайлух;27;
МКДОУ Детский сад Жаворонок с. Буцра;28;
МКДОУ Детский сад Журавленок с. Цада;47;
МКДОУ Детский сад Журавушка с. Хариколо;13;
МКДОУ Детский сад Зайчонок с. Заиб;13;
МКДОУ Детский сад Звездочка с. Хиндах;11;
МКДОУ Детский сад Золушка с.Байтль;7;
МКДОУ Детский сад им. Фазу Алиевой с. Гиничутль;12;
МКДОУ Детский сад Имама Шамиля с. Амущи;57;
МКДОУ Детский сад Капелька с. Малый Гоцатль;51;
МКДОУ Детский сад Ласточка с.Батлаич;46;
МКДОУ Детский сад Лягушонок с. Гонох;16;
МКДОУ Детский сад Огонек с. Очло;14;
МКДОУ Детский сад Олененок с. Харахи;56;
МКДОУ Детский сад Орленок с. Уздалросо;52;
МКДОУ Детский сад Павлин с.Гоцалух;32;
МКДОУ Детский сад Радость с.Хини;7;
МКДОУ Детский сад Родничок с. Новобуцра;40;
МКДОУ Детский сад Ромашка с. Обода;113;
МКДОУ Детский сад Росинка с. Тануси;55;
МКДОУ Детский сад Ручеек с. Гортколо;7;
МКДОУ Детский сад Сказка с. Цельмес;16;
МКДОУ Детский сад Соколенок с. Сиух;6;
МКДОУ Детский сад Теремок с.Ахалчи;51;
МКДОУ Детский сад Улыбка с. Шотода;16;
МКДОУ Детский сад Фиалка с. Орота;37;
МКДОУ Детский сад Чебурашка с. Тагада;46;
МКДОУ Школа - сад Орешек (НОШ) с. Коло;31;
 МКОУ «Агвалинская СОШ» (ГКП);44;
 МКОУ 'Гигатли-Урухская ООШ'  (ГКП);10;
 МКОУ 'Саситлинская СОШ' (ГКП) ;8;
МБДОУ Агвалинский детский сад № 2;158;
МБДОУ Агвалинский детский сад №1;95;
МБДОУ Гигатлинский сад;45;
МКДОУ Агвалинский детский сад № 2;158;
МКДОУ Агвалинский детский сад №1;95;
МКДОУ Гигатлинский сад;45;
МКДОУ Кванадинский детский сад;38;
МКДОУ Кочалинский детский сад;32;
МКДОУ Тиндинский детский сад;45;
МКОУ Верхнегакваринская школа-сад;35;
МКОУ Гадиринская ООШ-сад;13;
МКОУ 'Кединская  СОШ-сад'  ;31;
МКОУ 'Метрадинская СОШ-сад' ;30;
МКОУ Нижнегакваринская школа-сад;31;
МКОУ 'Нижнеинхокваринская СОШ-сад'  ;30;
МКОУ 'Тисси-Ахитлинская СОШ-детский сад';30;
МКОУ 'Хонохская СОШ-сад' ;30;
МКОУ Хуштадинская школа-сад;30;
МКОУ Эчединская школа-сад;31;
МКОУ «Хибиятлинская СОШ» (гкп), с.Хибиятли деят.приост.;10;
 МКОУ «Асахская СОШ» (гкп), с.Удок;9;
 МКОУ «Гутатлинская СОШ» (гкп), с.Гутатли;12;
 МКОУ «Зехидинская ООШ» (гкп);11;
 МКОУ «Сагадинская СОШ» (гкп);6;
 МКОУ «Хупринская  СОШ» (гкп);5;
 МКОУ «Цебаринская СОШ» (гкп);6;
 МКОУ 'Балакуринская СОШ', Бежтинский участок (ГКП);33;
 МКОУ Бежтинская СОШ, Бежтинский участок (гкп);41;
 МКОУ 'Гарбутлинская СОШ', Бежтинский участок (ГКП);7;
 МКОУ 'Гунзибская ООШ', Бежтинский участок (ГКП);3;
 МКОУ 'Нахадинская СОШ', Бежтинский участок (ГКП);16;
 МКОУ 'Тлядльская СОШ', Бежтинский участок (ГКП);10;
ДС №1 Березка при МКОУ 'Генухская СОШ';16;
ДС №13 'Патриотка' при МКОУ Хутрахская СОШ;16;
ДС №14 'Волна' при МКОУ 'Междуреченская СОШ', с. Китлярата;16;
ДС №15 'Перевал' при МКОУ Хуприская СОШ;16;
ДС №16 'Роза' при МКОУ Шапихская СОШ;16;
ДС №18 'Звездочка' при МКОУ Китуринская СОШ;16;
ДС №2 'Солнышко' при МКОУ Кидеринская СОШ;32;
ДС №5 'Сосна' при МКОУ Шаитлинская СОШ;16;
ДС №7 'Олень' при МКОУ Шауринская СОШ;16;
ДС №8 'Ветер' при МКОУ Хебатлинская СОШ;16;
ДС №9 'Южанка' при МКОУ Мококская СОШ;16;
ДС 'Улыбка' при МКОУ 'Хашархотинская СОШ', Бежтинский участок;19;
МКДОУ Бежтинский детский ясли-сад №1;90;
МКДОУ 'Детский сад №2 'Надежда', с. Бежта ;110;
МКДОУ ДС №4 'Ласточка', с.Цунта;32;
МКОУ Махалатлинаская СОШ (ДС №12 'Высота'), с.Махалатли;21;
МКОУ Ретлобская СОШ (ДС №11 'Заря'), с.Ретлоб;34;
МКОУ Гилибская СОШ  Детский сад с.Гилиб;76;
МКОУ Гочобская СОШ Детский сад с.Гочоб;24;
МКОУ Ирибская СОШ  Детский сад. с.Ириб;30;
МКОУ Магарская СОШ Детский сад с.Магар;20;
МКОУ Тлярошская СОШ Детский сад с.Тлярош;38;
МКОУ Цулдинская ООШ Детский сад с.Цулда;25;
МКОУ Цурибская СОШ Детский сад 'Радуга' с.Цуриб;228;
МКДОУ Андыхский детский сад;31;
МКДОУ Ассабский детский сад;26;
МКДОУ Батлухский детский сад;50;
МКДОУ Верхнебатлухский детский сад;25;
МКДОУ Гентинский детский сад;18;
МКДОУ Голотлинский детский сад;43;
МКДОУ Гоорский детский сад;28;
МКДОУ Кахибский детский сад;34;
МКДОУ Могохский детский сад;20;
МКДОУ Ругельдинский детский сад;16;
МКДОУ Сомодинский детский сад;14;
МКДОУ Телетлинский детский сад;41;
МКДОУ Тидибский детский сад;42;
МКДОУ Тляхский детский сад;30;
МКДОУ Урадинский детский сад;29;
МКДОУ Урибский детский сад;18;
МКДОУ Хебдинский детский сад;145;
МКДОУ Хотодинская СОШ;25;
МКДОУ Хучадинский детский сад;17;
МКОУ 'Мачадинская СОШ им. Унжолова Б.М.';20;
