,Наименование ДОО,Январь_x,Итог,Тип собственности,Январь_y
0,МКДОУ Большеарешевский детский сад,52.0,,Муниципальная,52.0
1,МКДОУ Пролетарский детский сад,56.0,,Муниципальная,56.0
2,МКДОУ Цветковский детский сад,104.0,,Муниципальная,104.0
3,МКДОУ Октябрьский детский сад,48.0,,Муниципальная,48.0
4,МКДОУ Яснополянский детский сад,40.0,,Муниципальная,40.0
5,МКДОУ Юбилейный детский сад,89.0,,Муниципальная,89.0
6,МКДОУ Черняевский детский сад,69.0,,Муниципальная,69.0
7,МКДОУ Новокохановский детский сад,42.0,,Муниципальная,42.0
8,МКДОУ Малоарешевский детский сад,60.0,,Муниципальная,60.0
9,МКДОУ Крайновский детский сад,45.0,,Муниципальная,45.0
10,МКДОУ Косякинский детский сад,53.0,,Муниципальная,53.0
11,МКДОУ Коллективизаторский детский сад,19.0,,Муниципальная,19.0
12,МКДОУ Кардоновский детский сад,80.0,,Муниципальная,80.0
13,МКДОУ Журавлик с. им. Жданова,,,Муниципальная,109.0
14,МКДОУ Большезадоевский детский сад,40.0,,Муниципальная,40.0
15,МКДОУ Александрийский детский сад,100.0,,Муниципальная,100.0
16,МКДОУ Аверьяновский детский сад,101.0,,Муниципальная,101.0
17,МКДОУ Победовский детский сад,59.0,,Муниципальная,59.0
18,МКДОУ ДС №4 Светлячок с. Янгикент,22.0,,Муниципальная,22.0
19,МКДОУ ДС №5 Ромашка с.Маджалис,,,Муниципальная,132.0
20,МКДОУ ДС №3 Ручеек с.Маджалис,146.0,,Муниципальная,146.0
21,МКДОУ ДС №2 Родничок с.Маджалис,148.0,,Муниципальная,148.0
22,МКОУ Сурхачинская СОШ ГКП деят. приост.,0.0,,Муниципальная,0.0
23,МКДОУ ДС №1  Улыбка с. Маджалис,119.0,,Муниципальная,119.0
24,МКДОУ Тидибский детский сад,42.0,,Муниципальная,42.0
25,МКДОУ Ассабский детский сад,26.0,,Муниципальная,26.0
26,МКДОУ Ругельдинский детский сад,16.0,,Муниципальная,16.0
27,МКДОУ Хебдинский детский сад,145.0,,Муниципальная,145.0
28,МКДОУ Гентинский детский сад,18.0,,Муниципальная,18.0
29,МКДОУ Хотодинская СОШ,25.0,,Муниципальная,25.0
30,МКОУ Мачадинская СОШ им. Унжолова Б.М.,20.0,,Муниципальная,20.0
31,МКДОУ Могохский детский сад,20.0,,Муниципальная,20.0
32,МКДОУ Батлухский детский сад,50.0,,Муниципальная,50.0
33,МКДОУ Хучадинский детский сад,17.0,,Муниципальная,17.0
34,МКДОУ Урибский детский сад,18.0,,Муниципальная,18.0
35,МКДОУ Урадинский детский сад,29.0,,Муниципальная,29.0
36,МКДОУ Тляхский детский сад,30.0,,Муниципальная,30.0
37,МКДОУ Телетлинский детский сад,41.0,,Муниципальная,41.0
38,МКДОУ Сомодинский детский сад,14.0,,Муниципальная,14.0
39,МКДОУ Кахибский детский сад,34.0,,Муниципальная,34.0
40,МКДОУ Гоорский детский сад,28.0,,Муниципальная,28.0
41,МКДОУ Верхнебатлухский детский сад,25.0,,Муниципальная,25.0
42,МКДОУ Андыхский детский сад,31.0,,Муниципальная,31.0
43,МКДОУ Голотлинский детский сад,43.0,,Муниципальная,43.0
44,МКДОУ Кочубейский дсСолнышко,75.0,,Муниципальная,75.0
45,МКДОУ Карабаглинский дс Радуга,20.0,,Муниципальная,20.0
46,МКДОУ НовоРомановский дс Колокольчикна кап. рем.,,,Муниципальная,0.0
47,МКОУ Коктюбейская ООШ дс Золотая рыбка,16.0,,Муниципальная,16.0
48,МКДОУ Таловский дсИвушка,23.0,,Муниципальная,23.0
49,МКДОУ Рассветовский дс Гнездышко,24.0,,Муниципальная,24.0
50,МКДОУ Раздольевский дс Аленушка,23.0,,Муниципальная,23.0
51,МКДОУ НовоДмитриевский дс Солнышко,40.0,,Муниципальная,40.0
52,МКДОУ Кочубейский дс Чебурашка,75.0,,Муниципальная,75.0
53,МКДОУ Калиновский дс Теремок,21.0,,Муниципальная,21.0
54,МКДОУ АлександроНевский дс Колокольчик,45.0,,Муниципальная,45.0
55,МКДОУ Тарумовский дс Тополек,203.0,,Муниципальная,203.0
56,МКДОУ НовоГеоргиевский дс Аленка,26.0,,Муниципальная,26.0
57,МКОУ Прогимназия Орленок с.Бабаюрт,188.0,,Муниципальная,188.0
58,МКДОУ ясли сад Солнышко с.Бабаюрт,180.0,,Муниципальная,180.0
59,МКДОУ детясли лочка с.Бабаюрт,73.0,,Муниципальная,73.0
60,МКДОУ детский сад Ласточка с. Татаюрт,100.0,,Муниципальная,100.0
61,МКДОУ детский сад Соколенок с.Геметюбе,58.0,,Муниципальная,58.0
62,МКДОУ детский сад Буратино с.Уцмиюрт120 м,,,Муниципальная,120.0
63,МКДОУ детский сад Радуга с.Хасанай,72.0,,Муниципальная,72.0
64,МКДОУ детский сад  Дружба с.Бабаюрт,104.0,,Муниципальная,104.0
65,МКДОУ детский сад Сказка с.Хамаматюрт,100.0,,Муниципальная,100.0
66,МКОУ Гунзибская ООШ Бежтинский участок ГКП,,,Муниципальная,3.0
67,МКОУ Гарбутлинская СОШ Бежтинский участок ГКП,,,Муниципальная,7.0
68,МКОУ Нахадинская СОШ Бежтинский участок ГКП,,,Муниципальная,16.0
69,ДС №7 Олень при МКОУ Шауринская СОШ,16.0,,Муниципальная,16.0
70,ДС №18 Звездочка при МКОУ Китуринская СОШ,16.0,,Муниципальная,16.0
71,ДС №16 Роза при МКОУ Шапихская СОШ,16.0,,Муниципальная,16.0
72,МКОУ Сагадинская СОШ гкп,,,Муниципальная,6.0
73,ДС №8 Ветер при МКОУ Хебатлинская СОШ,16.0,,Муниципальная,16.0
74,МКОУ Хупринская  СОШ гкп,,,Муниципальная,5.0
75,МКОУ Зехидинская ООШ гкп,,,Муниципальная,11.0
76,МКОУ Ретлобская СОШ ДС №11 Заря с.Ретлоб,34.0,,Муниципальная,34.0
77,МКОУ Балакуринская СОШ Бежтинский участок ГКП,,,Муниципальная,33.0
78,МКОУ Асахская СОШ гкп с.Удок,,,Муниципальная,9.0
79,МКОУ Цебаринская СОШ гкп,,,Муниципальная,6.0
80,ДС №15 Перевал при МКОУ Хуприская СОШ,16.0,,Муниципальная,16.0
81,ДС Улыбка при МКОУ Хашархотинская СОШ Бежтинский участок,19.0,,Муниципальная,19.0
82,МКОУ Гутатлинская СОШ гкп с.Гутатли,,,Муниципальная,12.0
83,МКДОУ ДС №4 Ласточка с.Цунта,32.0,,Муниципальная,32.0
84,МКОУ Тлядльская СОШ Бежтинский участок ГКП,,,Муниципальная,10.0
85,МКДОУ Бежтинский детский яслисад №1,90.0,,Муниципальная,90.0
86,ДС №2 Солнышко при МКОУ Кидеринская СОШ,32.0,,Муниципальная,32.0
87,ДС №14 Волна при МКОУ Междуреченская СОШ с. Китлярата,16.0,,Муниципальная,16.0
88,МКОУ Махалатлинаская СОШ ДС №12 Высота с.Махалатли,21.0,,Муниципальная,21.0
89,МКДОУ Детский сад №2 Надежда с. Бежта,,,Муниципальная,110.0
90,ДС №13 Патриотка при МКОУ Хутрахская СОШ,16.0,,Муниципальная,16.0
91,ДС №1 Березка при МКОУ Генухская СОШ,16.0,,Муниципальная,16.0
92,МКОУ Бежтинская СОШ Бежтинский участок гкп,,,Муниципальная,41.0
93,ДС №9 Южанка при МКОУ Мококская СОШ,16.0,,Муниципальная,16.0
94,ДС №5 Сосна при МКОУ Шаитлинская СОШ,16.0,,Муниципальная,16.0
95,МКОУ Хибиятлинская СОШ гкп с.Хибиятлидеят.приост.,,,Муниципальная,10.0
96,МКДОУ Дс №7 Красная шапочка,70.0,,Муниципальная,70.0
97,МКДОУ Дс №2 Ласточка,160.0,,Муниципальная,160.0
98,МКДОУ ЦРР дс №8 Радуга,200.0,,Муниципальная,200.0
99,МКОУ СОШ №9 гкпдеят.приост.,,,Муниципальная,18.0
100,МКДОУЦРР дс №4 Светлячок,351.0,,Муниципальная,351.0
101,МКОУ СОШ №4 гкпдеят.приост.,,,Муниципальная,12.0
102,МКДОУ дс №5 Теремок,277.0,,Муниципальная,277.0
103,МКОУ СОШ №8 гкпдеят.приост.,,,Муниципальная,30.0
104,МКДОУ ЦРР дс №3 Дюймовочка,111.0,,Муниципальная,111.0
105,МКДОУ ЦРР дс №6 Чебурашка,405.0,,Муниципальная,405.0
106,МКДОУ дс №9 Колосок,123.0,,Муниципальная,123.0
107,МКДОУ Дс №1 Солнышко,163.0,,Муниципальная,163.0
108,МКДОУ ДС №11 Колокольчик,,,Муниципальная,204.0
109,МКДОУ дс №10 №Энергетик,125.0,,Муниципальная,125.0
110,МКОУ СОШ №7 гкпдеят.приост.,,,Муниципальная,36.0
111,МКОУ СОШ №3 гкпдеят. приостан.,,,Муниципальная,0.0
112,МКОУ Гимназия №5 гкпдеят.приост.,,,Муниципальная,25.0
113,МКОУ Гимназия №1 гкпдеят.приост.,,,Муниципальная,37.0
114,МКОУ СОШ №2 гкпдеят.приост.,,,Муниципальная,15.0
115,МБДОУ Тадмагитлинский детский сад Орленок,100.0,,Муниципальная,100.0
116,МБДОУ Изанинский детский сад Орленок,32.0,,Муниципальная,32.0
117,МБДОУ Тукитинский детский сад Радуга,44.0,,Муниципальная,44.0
118,МБДОУ Ингердахский детский сад Радость,48.0,,Муниципальная,48.0
119,МБДОУ Тлибишинский детский сад Соколенок,54.0,,Муниципальная,54.0
120,МБДОУ Каратинский детский сад Улыбка,63.0,,Муниципальная,63.0
121,МБДОУ Цолодинский детский сад Улыбка,39.0,,Муниципальная,39.0
122,МБДОУ Местерухский детский сад,36.0,,Муниципальная,36.0
123,МБДОУ Лологонитлинский детский сад Тархо,40.0,,Муниципальная,40.0
124,МБДОУ Кудиябросинский детский сад Ласточка,60.0,,Муниципальная,60.0
125,МБДОУ Каратинский детский сад Солнышко,136.0,,Муниципальная,136.0
126,дс при МКОУ Аргванинская СОШ дошк. гр.,4.0,,Муниципальная,4.0
127,МКОУ Кунзахская ООШ дошк. гр.,17.0,,Муниципальная,17.0
128,МКДОУ Детский сад Ромашка с.Игали,112.0,,Муниципальная,112.0
129,МКОУ Ингишинская СОШ  дошк. гр.,17.0,,Муниципальная,17.0
130,МКДОУ Детский сад Чебурашка с. Килятль,49.0,,Муниципальная,49.0
131,МКДОУ Детский сад Улыбка с.Н.Инхо,41.0,,Муниципальная,41.0
132,МКДОУ Детский сад Солнышко с.Мехельта,140.0,,Муниципальная,140.0
133,МКДОУ Детский сад Радуга с.Чирката,95.0,,Муниципальная,95.0
134,МКДОУ Детский сад Ласточка с.Тлярата,28.0,,Муниципальная,28.0
135,МКДОУ Детский сад Колобок с.НовоАргвани,69.0,,Муниципальная,69.0
136,МКОУ Цанатлинская ООШ дошк. гр.,8.0,,Муниципальная,8.0
137,МКОУ Тантаринская НОШ дошк. гр.,15.0,,Муниципальная,15.0
138,МКОУ ВАрадерихская НОШ дошк. гр.,6.0,,Муниципальная,6.0
139,МКОУ Арадирихская СОШ дошк. гр.,15.0,,Муниципальная,15.0
140,МКОУ Данухская СОШ дошк. гр.деят. приост,,,Муниципальная,0.0
141,МКДОУ Детский сад Соколенок с.Цилитль,19.0,,Муниципальная,19.0
142,МКОУ Верхнеинховская СОШ дошк. гр.,20.0,,Муниципальная,20.0
143,МКДОУ Хвереджская СОШ  детский сад Сказка,9.0,,Муниципальная,9.0
144,МКДОУ Аладашский детский сад Аленушка,30.0,,Муниципальная,30.0
145,МКОУ Аладашская СОШ ГКП,,,Муниципальная,9.0
146,МКОУ Икринская СОШ  ГКП,,,Муниципальная,10.0
147,МКДОУ Курахский детский сад №2 Аленушка,70.0,,Муниципальная,70.0
148,МКОУ Хпюкская СОШ гкп,,,Муниципальная,15.0
149,МКДОУ Шимихюрская СОШ детский сад Орленок,30.0,,Муниципальная,30.0
150,МКДОУ Моллакентский детский сад Ласточка,45.0,,Муниципальная,45.0
151,МКДОУ Кучхюрская СОШ  детский сад Заря,23.0,,Муниципальная,23.0
152,МКДОУ Курахский детский сад №1 Солнышко,70.0,,Муниципальная,70.0
153,МКДОУ Курахская СОШ №1детский сад Гияр №3,35.0,,Муниципальная,35.0
154,МКДОУ Кумукская СОШ детский сад Кард,27.0,,Муниципальная,27.0
155,МКДОУ Кабирский детский сад Улыбка,39.0,,Муниципальная,39.0
156,МКДОУ Икринский детский сад Мечта,45.0,,Муниципальная,45.0
157,МКДОУ Гельхенская СОШ  детский сад Родничок,15.0,,Муниципальная,15.0
158,МКДОУ Ашарская СОШ  детский сад Радуга,14.0,,Муниципальная,14.0
159,МКОУ Моллакентская СОШ ГКП,,,Муниципальная,10.0
160,МКОУ Курахская СОШ №2 ГКП деят. приост,0.0,,Муниципальная,0.0
161,МКОУ Гельхенская школадетсад гкп,,,Муниципальная,10.0
162,МКОУ Усугская СОШ ГКП,,,Муниципальная,7.0
163,МКДОУ ДС  Золотой луг с.Леваши,,,Муниципальная,90.0
164,МКДОУ ДС Звездочка с.Урма,80.0,,Муниципальная,80.0
165,МКОУ Аялакабская СОШсад с. Аялакаб,17.0,,Муниципальная,17.0
166,МКДОУ ДС Ласточка с.Мекеги  120 м.,,,Муниципальная,121.0
167,МКДОУ ДС  Журавлик с. Карлабко,45.0,,Муниципальная,45.0
168,МКДОУ ДС Непоседа с. Джангамахи 40 м.,,,Муниципальная,39.0
169,МКДОУ ДС  Ручеек с.Хахита,,,Муниципальная,55.0
170,МКДОУ ДС Райские птички с. Хахита,,,Муниципальная,74.0
171,МКДОУ ДС №4 Снежинка с.Леваши,,,Муниципальная,64.0
172,МКДОУ ДС Чебурашка с.Карекадани 40 м.,,,Муниципальная,35.0
173,МКДОУ ДС Улыбка с. Хаджалмахи,,,Муниципальная,157.0
174,МКДОУ ДС Теремок с.Кутиша,65.0,,Муниципальная,65.0
175,МКДОУ ДС Соколенок с.Кулецма,80.0,,Муниципальная,80.0
176,МКДОУ ДС Ромашка с.Какамахи,60.0,,Муниципальная,60.0
177,МКДОУ ДС Родничок с.Куппа 40 м.,,,Муниципальная,40.0
178,МКДОУ ДС  Ласточка с.Н.Чугли 60 м. ,,,Муниципальная,40.0
179,МКДОУ ДС Дубурлан с.В.Лабкомахи 40 м.,,,Муниципальная,42.0
180,МКДОУ ДС Березка с.АрадаЧугли,69.0,,Муниципальная,69.0
181,МКДОУ ДС №3 Сказка с.Леваши,,,Муниципальная,55.0
182,МКДОУ ДС №1 Солнышко с.Леваши,265.0,,Муниципальная,265.0
183,МКДОУ ДС Орленок с. Урма,80.0,,Муниципальная,80.0
184,МКДОУ ДС Радость с.Урма,,,Муниципальная,77.0
185,МКДОУ ДС №2 Радуга  с.Леваши,162.0,,Муниципальная,162.0
186,МКДОУ Детский сад Львенок с.Кутиша,79.0,,Муниципальная,79.0
187,МКДОУ ДС Шолпан с.Нариман,76.0,,Муниципальная,76.0
188,МКДОУ ДС Алтынай с.Кумли,,,Муниципальная,39.0
189,МКДОУ ДС Карлыгашлар с.Кунбатар,81.0,,Муниципальная,81.0
190,МКДОУ ДС Лашын с.БатырМурза,18.0,,Муниципальная,18.0
191,МКДОУ ДС Юлдыз с.ТереклиМектеб,250.0,,Муниципальная,250.0
192,МКДОУ ДС Юлдуз  с. Ортатюбе,42.0,,Муниципальная,42.0
193,МКДОУ ДС Ногай Эл с.ТереклиМектеб,,,Муниципальная,398.0
194,МКДОУ ДС Кызыл Гуьль с. Червленные Буруны,73.0,,Муниципальная,73.0
195,МКДОУ ДС Куьпелек с.Боранчи,24.0,,Муниципальная,24.0
196,МКДОУ ДС Алтын Кус с.Карагас,78.0,,Муниципальная,78.0
197,МКДОУ ДС Айсылув с.ТереклиМектеб,98.0,,Муниципальная,98.0
198,МКДОУ Детский сад Звездочка с. Хиндах,11.0,,Муниципальная,11.0
199,МКДОО Детский сад Колосок с. Мочох,,,Муниципальная,17.0
200,МКДОО Детский сад Огонек с.Ках,,,Муниципальная,14.0
201,МКДОУ Детский сад №3 Ласточка с. Хунзах,60.0,,Муниципальная,60.0
202,МКДОУ  Детский сад Колокольчик с.Чондотль 15 мест,,,Муниципальная,10.0
203,МКДОУ Детский сад Сказка с. Цельмес,16.0,,Муниципальная,16.0
204,МКДОУ Детский сад Жаворонок с. Буцра,28.0,,Муниципальная,28.0
205,МКДОУ Детский сад Радость с.Хини,7.0,,Муниципальная,7.0
206,МКДОУ Детский сад Соколенок с. Сиух,6.0,,Муниципальная,6.0
207,МКДОУ Детский сад Елочка с. Тлайлух,27.0,,Муниципальная,27.0
208,МКДОУ Детский сад Зайчонок с. Заиб,13.0,,Муниципальная,13.0
209,МКДОУ Детский сад Фиалка с. Орота,37.0,,Муниципальная,37.0
210,МКДОУ Детский сад Улыбка с. Шотода,16.0,,Муниципальная,16.0
211,МКДОУ Детский сад Ручеек с. Гортколо,7.0,,Муниципальная,7.0
212,МКДОУ Детский сад Росинка с. Тануси,55.0,,Муниципальная,55.0
213,МКДОУ Детский сад Ромашка с. Обода,113.0,,Муниципальная,113.0
214,МКДОУ Детский сад Родничок с. Новобуцра,40.0,,Муниципальная,40.0
215,МКДОУ Детский сад Орленок с. Уздалросо,52.0,,Муниципальная,52.0
216,МКДОУ Детский сад Олененок с. Харахи,56.0,,Муниципальная,56.0
217,МКДОУ Детский сад Ласточка с.Батлаич,46.0,,Муниципальная,46.0
218,МКДОУ Детский сад Капелька с. Малый Гоцатль,51.0,,Муниципальная,51.0
219,МКДОУ Детский сад №1 Аленушка с. Гоцатль,48.0,,Муниципальная,48.0
220,МКДОУ Детский сад Березка с.Арани,64.0,,Муниципальная,64.0
221,МКДОУ Детский сад Теремок с.Ахалчи,51.0,,Муниципальная,51.0
222,МКДОУ Детский сад Павлин с.Гоцалух,32.0,,Муниципальная,32.0
223,МКДОУ Детский сад Огонек с. Очло,14.0,,Муниципальная,14.0
224,МКДОУ Детский сад Лягушонок с. Гонох,16.0,,Муниципальная,16.0
225,МКДОУ Детский сад №2 Ивушка с. Гоцатль,66.0,,Муниципальная,66.0
226,МКДОУ Детский сад №1 Малыш с.Хунзах,113.0,,Муниципальная,113.0
227,МКДОУ Школа  сад Орешек НОШ с. Коло,31.0,,Муниципальная,31.0
228,МКДОУ Детский сад Чебурашка с. Тагада,46.0,,Муниципальная,46.0
229,МКДОУ Детский сад им. Фазу Алиевой с. Гиничутль,12.0,,Муниципальная,12.0
230,МКДОУ Детский сад Имама Шамиля с. Амущи,57.0,,Муниципальная,57.0
231,МКДОУ Детский сад Золушка с.Байтль,7.0,,Муниципальная,7.0
232,МКДОУ Детский сад Журавушка с. Хариколо,13.0,,Муниципальная,13.0
233,МКДОУ Детский сад Журавленок с. Цада,47.0,,Муниципальная,47.0
234,МКДОУ Детский сад Буратино с. Мущули,17.0,,Муниципальная,17.0
235,МКДОУ Детский сад №2 ЦРР Солнышко с. Хунзах,97.0,,Муниципальная,97.0
236,МКДОУ Архитский детский сад Улыбка,,,Муниципальная,55.0
237,МКДОУ Межгюльский детсад Родничок,28.0,,Муниципальная,28.0
238,МКДОУ Ляхлинский детсад Тюльпан,19.0,,Муниципальная,19.0
239,МКДОУ Кандикский детсад Чебурашка,44.0,,Муниципальная,44.0
240,МКДОУ Захитский детсад Ягодка,64.0,,Муниципальная,64.0
241,МКДОУ Хивский детсад №1 Солнышко,160.0,,Муниципальная,160.0
242,МКДОУ Фригский детсад Ласточка,46.0,,Муниципальная,46.0
243,МКДОУ Яракский детсад Радуга,21.0,,Муниципальная,21.0
244,МКДОУ Хивский д.с. №2 Ромашка с.Хив,,,Муниципальная,98.0
245,МКДОУ Хореджский детсад Дюймовочка на реконстр.,0.0,,Муниципальная,0.0
246,МКДОУ Детский сад №18 с.Хоточ,61.0,,Муниципальная,61.0
247,МКДОУ Детский сад №19 с. Чох,22.0,,Муниципальная,22.0
248,МКДОУ Детский сад №15 с.Согратль,37.0,,Муниципальная,37.0
249,МКДОУ Детский сад №21 с. Шулани,21.0,,Муниципальная,21.0
250,МКДОУ Детский сад № 3 с.Гуниб,92.0,,Муниципальная,92.0
251,МКДОУ Детский сад №17 с. Хиндах,67.0,,Муниципальная,67.0
252,МКДОУ  Детский сад № 2 с. Бухты,23.0,,Муниципальная,23.0
253,МКДОУ Детский сад №7 с. Кудали,22.0,,Муниципальная,22.0
254,МКДОУ Детский сад №9 с.Нижний Кегер,15.0,,Муниципальная,15.0
255,МКДОУ Детский сад №1 с.Бацада,46.0,,Муниципальная,46.0
256,МКДОУ Детский сад №12 с. Ругуджа,20.0,,Муниципальная,20.0
257,МКДОУ Детский сад №8 с.Нижний Гуниб,35.0,,Муниципальная,35.0
258,МКДОУ Детский сад №20 с.ЧохКоммуна,33.0,,Муниципальная,33.0
259,МКДОУ Детский сад №10 с.Мегеб,35.0,,Муниципальная,35.0
260,МКДОУ детский сад №16 с. Унты,15.0,,Муниципальная,15.0
261,МКДОУ Детский сад №4 с. Гонода,30.0,,Муниципальная,30.0
262,МКДОУ Детский сад №5 с. Кегер,18.0,,Муниципальная,18.0
263,МКДОУ Детский сад №13 с.Салта,11.0,,Муниципальная,11.0
264,МКДОУ Детский сад №6 с.Корода,35.0,,Муниципальная,35.0
265,МКДОУ ДС №1 Ромашка с.Унцукуль,150.0,,Муниципальная,150.0
266,МКДОУ ДС №10 Снежинка с.Кахабросо,50.0,,Муниципальная,50.0
267,МКДОУ  ДС №8 Солнышко пгт.Шамилькала,141.0,,Муниципальная,141.0
268,МКДОУ ДС №6 Звездочка с.Балахани,50.0,,Муниципальная,50.0
269,МКДОУ ДС №9 Сказка пгт. Шамилькала,,,Муниципальная,289.0
270,МКДОУ ДС №3 Фиалка с.Ирганай,109.0,,Муниципальная,109.0
271,МКДОУ ДС №13 Колобок с. Гимры,,,Муниципальная,90.0
272,МКДОУ ДС №4 Теремок с. Гимры,192.0,,Муниципальная,192.0
273,МКДОУ ДС №7 Улыбка с.Аракани,49.0,,Муниципальная,49.0
274,МКДОУ ДС №5 Соколенок с.Майданское,117.0,,Муниципальная,117.0
275,МКДОУ ДС №11 Сосна с.Ашильта,67.0,,Муниципальная,67.0
276,МКДОУ ДС №12 Чебурашка с.Цатаних,34.0,,Муниципальная,34.0
277,МКДОУ ДС №2 Ласточка с. Унцукуль,232.0,,Муниципальная,232.0
278,МКОУ Цулдинская ООШДетский сад с.Цулда,,,Муниципальная,25.0
279,МКОУ Цурибская СОШДетский сад Радуга с.Цуриб,,,Муниципальная,228.0
280,МКОУ Тлярошская СОШДетский сад с.Тлярош,,,Муниципальная,38.0
281,МКОУ Магарская СОШДетский сад с.Магар,,,Муниципальная,20.0
282,МКОУ Ирибская СОШ Детский сад. с.Ириб,,,Муниципальная,30.0
283,МКОУ Гочобская СОШДетский сад с.Гочоб,,,Муниципальная,24.0
284,МКОУ Гилибская СОШ Детский сад с.Гилиб,,,Муниципальная,76.0
285,МБДОУ Детский сад №18 Ясмина с. Н.Параул,120.0,,Муниципальная,120.0
286,МБДОУ ДС №17 Анжи  с.Губден,60.0,,Муниципальная,60.0
287,МБДОУ ДС №21 Волшебник с.Губден ,,,Муниципальная,60.0
288,МБДОУ ДС №2 Юлдуз с.Карабудахкент,254.0,,Муниципальная,254.0
289,МБДОУ Детский сад №7 Ласточка с.Параул,118.0,,Муниципальная,118.0
290,МБДОУ Детский сад №10 Чебурашка пгт.Манас,196.0,,Муниципальная,196.0
291,МБДОУ Детский сад №23 Страна чудес с.Гурбуки,,,Муниципальная,150.0
292,МБДОУ Детский сад №6 Теремок с.Доргели,120.0,,Муниципальная,120.0
293,МБДОУ ДС №9 Ромашка пгт.Манас,62.0,,Муниципальная,62.0
294,МБДОУ ДС №13 Родничок с.Гурбуки,80.0,,Муниципальная,80.0
295,МБДОУ Детский сад №3 Бекенез с.Карабудахкент,283.0,,Муниципальная,283.0
296,МБДОУ ДС №16 Золушка с.Карабудахкент,69.0,,Муниципальная,69.0
297,МКДОУ ДС №1 Солнышко с.Карабудахкент кап.рем.,19.0,,Муниципальная,19.0
298,МБДОУ ДС №5 Лачин с.Зеленоморск,82.0,,Муниципальная,82.0
299,МБДОУ Детский сад №4 Улыбка с.Какашура,126.0,,Муниципальная,126.0
300,МБДОУ ДС №19 Карапуз с. Манаскент,,,Муниципальная,90.0
301,МБДОУ Детский сад №8 Ручеек с.Гели,135.0,,Муниципальная,135.0
302,МБДОУ Детский сад №22 Замок детства с.Гурбуки,,,Муниципальная,150.0
303,МБДОУ ДС №15 Звездочка с.Агачаул,70.0,,Муниципальная,70.0
304,МБДОУ ДС №12 Фиалка с.Уллубийаул,255.0,,Муниципальная,255.0
305,МБДОУ ДС №14 Сказка с.Карабудахкент,89.0,,Муниципальная,89.0
306,МБДОУ Детский сад №20 Счастливый малыш с.Агачаул,120.0,,Муниципальная,120.0
307,МБДОУ ДС №15  Счастливое детство пгт.Ачису,83.0,,Муниципальная,83.0
308,МБДОУ Детский сад №11 Ласточка с.Манаскент,126.0,,Муниципальная,126.0
309,МКДОУ ДС №1 с. Уркарах,52.0,,Муниципальная,52.0
310,МКОУ Дибгашинская СОШ гкп,,,Муниципальная,14.0
311,МКОУ Трисанчинская СОШ гкп,,,Муниципальная,20.0
312,МКОУ Новоуркарахская СОШ гкп,,,Муниципальная,16.0
313,МКОУ Ирагинская  СОШ гкп,,,Муниципальная,20.0
314,МКОУ Морская СОШ гкп,,,Муниципальная,21.0
315,МКОУ Уркарахсая начальная школа  детский сад им. Р.Рамазанова,,,Муниципальная,62.0
316,МКДОУ Кубачинская школасад НОШ пгт. Кубачи,40.0,,Муниципальная,40.0
317,МКДОУ Детский яслисад №2 с. Уркарах,69.0,,Муниципальная,69.0
318,МКДОУ Радуга с.Кища,70.0,,Муниципальная,70.0
319,МКДОУ Олимп с.Меусеша ,,,Муниципальная,65.0
320,МКДОУ ОВ Детский сад Солнышко с. Уркарах,,,Муниципальная,150.0
321,МКОУ Калкнинская  СОШ гкп,,,Муниципальная,20.0
322,МБДОУ ДС № 24 Ромашка,370.0,,Муниципальная,370.0
323,МБДОУ ЦРРДС  № 1  Василек,164.0,,Муниципальная,164.0
324,МКДОУ ДС № 12 Юлдуз,203.0,,Муниципальная,203.0
325,МКДОУ ДС № 22 Солнышко,121.0,,Муниципальная,121.0
326,МБДОУ ЦРРДС № 29 Дельфинчик,460.0,,Муниципальная,460.0
327,МБДОУ ЦРРДС № 11 Светлячок,375.0,,Муниципальная,375.0
328,МБДОУ ДС №8 Дюймовочка,162.0,,Муниципальная,162.0
329,МБДОУ ЦРРДС № 28 Якорк,217.0,,Муниципальная,217.0
330,МБДОУ ЦРРДС № 23 Лесная сказка,233.0,,Муниципальная,233.0
331,МБДОУ ЦРРДС № 5 Гусельки,437.0,,Муниципальная,437.0
332,МБДОУ ДС №3 Аленушка,277.0,,Муниципальная,277.0
333,МБДОУ ДС № 16 Чебурашка,195.0,,Муниципальная,195.0
334,МБДОУ ДС № 26 Родничок,465.0,,Муниципальная,465.0
335,МБДОУ ЦРРДС № 14 Журавленок,387.0,,Муниципальная,387.0
336,МБДОУ ЦРРДС № 7 Ласточка,393.0,,Муниципальная,393.0
337,МБДОУ ДС №31 Улыбка,446.0,,Муниципальная,446.0
338,МБДОУ ДС №32 Соколенок зд Дагдизель,,,Муниципальная,125.0
339,МБДОУ ДС № 17 Буратино,386.0,,Муниципальная,386.0
340,МБДОУ ЦРРДС № 25 Джейран,407.0,,Муниципальная,407.0
341,МБДОУ ЦРРДС № 15 Незабудка,398.0,,Муниципальная,398.0
342,МБДОУ ДС № 21 Радуга,154.0,,Муниципальная,154.0
343,МБДОУ №33 Юбилейный,432.0,,Муниципальная,432.0
344,МБДОУ ДС №30 Звздочка,158.0,,Муниципальная,158.0
345,МБДОУ ЦРРДС  № 10 Ивушка,393.0,,Муниципальная,393.0
346,МБДОУ ДС №35,331.0,,Муниципальная,331.0
347,МБДОУ ДС №25 Лучик,465.0,,Муниципальная,465.0
348,МБДОУ ДС №95,245.0,,Муниципальная,245.0
349,МБДОУ ДС №33,148.0,,Муниципальная,148.0
350,МБДОУ ЦРРДС №85,332.0,,Муниципальная,332.0
351,МБДОУ ДС №21,353.0,,Муниципальная,353.0
352,МБДОУ ЦРРДС №87,452.0,,Муниципальная,452.0
353,МБДОУ ДС №42,265.0,,Муниципальная,265.0
354,МБДОУ ДС №20 Соколенок,,,Муниципальная,422.0
355,МБДОУ ДС №56,268.0,,Муниципальная,268.0
356,МБДОУ ЦРРДС №7,526.0,,Муниципальная,526.0
357,МБОУ Начальная школа  детский сад №27,215.0,,Муниципальная,215.0
358,МБДОУ ДС №19,241.0,,Муниципальная,241.0
359,МБДОУ ДС №77 Тюльпан МКР М5,411.0,,Муниципальная,411.0
360,МБДОУ ДС №60,232.0,,Муниципальная,232.0
361,МБДОУ ДС №94,181.0,,Муниципальная,181.0
362,МБДОУ ЦРРДС №84,229.0,,Муниципальная,229.0
363,МБДОУ ЦРРДС №59,352.0,,Муниципальная,352.0
364,МБДОУ ДС №4,147.0,,Муниципальная,147.0
365,МБДОУ ДС №1,128.0,,Муниципальная,128.0
366,МБОУ Начальная школа  детский сад № 78,300.0,,Муниципальная,300.0
367,МБДОУ ЦРРДС №49,596.0,,Муниципальная,596.0
368,МБДОУ ЦРРДС №37,448.0,,Муниципальная,448.0
369,МБДОУ ДС №83,189.0,,Муниципальная,189.0
370,МБДОУ ДС №53,289.0,,Муниципальная,289.0
371,МБДОУ ДС №45 Островок,369.0,,Муниципальная,369.0
372,МБДОУ ДС №29,129.0,,Муниципальная,129.0
373,МБДОУ ДС №2,145.0,,Муниципальная,145.0
374,МБДОУ ЦРРДС №50,427.0,,Муниципальная,427.0
375,МБДОУ ЦРРДС №38,376.0,,Муниципальная,376.0
376,МБДОУ ДС №6 Горянка,171.0,,Муниципальная,171.0
377,МБДОУ ДС №40,184.0,,Муниципальная,184.0
378,МБДОУ ДС №11,140.0,,Муниципальная,140.0
379,МБДОУ ДС №96,104.0,,Муниципальная,104.0
380,МБДОУ ДС №72,347.0,,Муниципальная,347.0
381,МБДОУ ДС №14,153.0,,Муниципальная,153.0
382,МБДОУ ДС №12,103.0,,Муниципальная,103.0
383,МБДОУ ЦРРДС №43,379.0,,Муниципальная,379.0
384,МБОУ Начальная школа  детский сад №52,229.0,,Муниципальная,229.0
385,МБДОУ ДС №73,238.0,,Муниципальная,238.0
386,МБОУ Прогимназия №68,197.0,,Муниципальная,197.0
387,МБДОУ ЦРРДС №39,374.0,,Муниципальная,374.0
388,МБДОУ ДС №41,255.0,,Муниципальная,255.0
389,МБДОУ ЦРРДС №34,236.0,,Муниципальная,236.0
390,МБДОУ ДС №63,448.0,,Муниципальная,448.0
391,МБДОУ ДС №90,219.0,,Муниципальная,219.0
392,МБДОУ ДС №65,248.0,,Муниципальная,248.0
393,МБДОУ ЦРРДС №81,461.0,,Муниципальная,461.0
394,МБДОУ ДС №47,400.0,,Муниципальная,400.0
395,МБДОУ ДС №88,249.0,,Муниципальная,249.0
396,МБДОУ ДС №3,240.0,,Муниципальная,240.0
397,МБДОУ ДС № 67 Родничок,,,Муниципальная,227.0
398,МБДОУ ДС №15,103.0,,Муниципальная,103.0
399,МБДОУ ЦРРДС №22,211.0,,Муниципальная,211.0
400,МБДОУ ЦРРДС №69,296.0,,Муниципальная,296.0
401,МБДОУ ЦРРДС №86,344.0,,Муниципальная,344.0
402,МБДОУ ЦРРДС №44,290.0,,Муниципальная,290.0
403,МБДОУ ДС №93,156.0,,Муниципальная,156.0
404,МБОУ Начальная школадетский сад №71,468.0,,Муниципальная,468.0
405,МБДОУ ЦРРДС №62,365.0,,Муниципальная,365.0
406,МБДОУ ЦРРДС №70,277.0,,Муниципальная,277.0
407,МБОУ Прогимназия №66,226.0,,Муниципальная,226.0
408,МБДОУ ДС №17,153.0,,Муниципальная,153.0
409,МБДОУ ДС №76,295.0,,Муниципальная,295.0
410,МБДОУ ДС №9,241.0,,Муниципальная,241.0
411,МБДОУ ДС №75,242.0,,Муниципальная,242.0
412,МБДОУ ЦРРДС №30,197.0,,Муниципальная,197.0
413,МБДОУ ДС №91,134.0,,Муниципальная,134.0
414,МБДОУ ДС №31,491.0,,Муниципальная,491.0
415,МБДОУ ДС №8,283.0,,Муниципальная,283.0
416,МКОУ СОШ № 4 ГКПдеят.приост.,,,Муниципальная,0.0
417,МКОУ Гимназия № 2 им.А.Сайтиева ГКПдеят.приост.,,,Муниципальная,75.0
418,МКОУ Гимназия им. М. Горького ГКПдеят.приост.,,,Муниципальная,8.0
419,МКОУ СОШ № 15 ГКПдеят.приост.,,,Муниципальная,0.0
420,МКОУ СОШ № 19 ГКПдеят.приост.,,,Муниципальная,80.0
421,МКОУ СОШ № 12 им. Л.Толстого ГКПдеят.приост.,,,Муниципальная,60.0
422,МКОУ Гимназия № 3 ГКПдеят.приост.,,,Муниципальная,75.0
423,МКДОУ ДС № 1 Теремок г.Хасавюрт,97.0,,Муниципальная,97.0
424,МКОУ Прогимназия № 6 Ивушка,360.0,,Муниципальная,360.0
425,МКДОУ ДС № 3 Берзка г.Хасавюрт,192.0,,Муниципальная,192.0
426,МКОУ СОШ № 10 им. Исмаилова ГКПдеят.приост.,,,Муниципальная,60.0
427,МКОУ прогимназия №10 Сказка,244.0,,Муниципальная,244.0
428,МКДОУ ДС № 7 Улыбка,,,Муниципальная,323.0
429,МКОУ СОШ № 14 ГКП деят. приост.,0.0,,Муниципальная,0.0
430,МКДОУ ДС № 2 Колокольчик г.Хасавюрт,88.0,,Муниципальная,88.0
431,МКОУ СОШ № 9 ГКПдеят.приост.,,,Муниципальная,33.0
432,МКОУ СОШ № 8 ГКПдеят.приост.,,,Муниципальная,30.0
433,МКОУ СОШ № 5 ГКПдеят. приост,,,Муниципальная,0.0
434,МКОУ СОШ № 2ГКПдеят.приост.,,,Муниципальная,16.0
435,МКОУ СОШ № 11  ГКПдеят.приост.,,,Муниципальная,50.0
436,МКДОУ ДС № 4 Звздочка г.Хасавюрт,357.0,,Муниципальная,357.0
437,МКДОУ ЦРР Детский сад № 8 Крепыш,225.0,,Муниципальная,225.0
438,МКДОУ Прогимназия 9 Ручек,193.0,,Муниципальная,193.0
439,МКОУ СОШ № 17 ГКПдеят.приост.,,,Муниципальная,75.0
440,МКДОУ ДС № 5 Алнушка г.Хасавюрт,217.0,,Муниципальная,217.0
441,МКОУ СОШ № 7 им. Алибекова ГКПдеят.приост.,,,Муниципальная,0.0
442,МКОУ Детский сад №11 Светлячок пос. Бальюрт,,,Муниципальная,323.0
443,МКОУ Аксайская СОШ № 1 им. З.Н.Батырмурзаева ГКП,,,Муниципальная,31.0
444,МКОУ Сивухская СОШ ГКП,,,Муниципальная,84.0
445,МКОУ Костекская СОШ им. Б.Ш.Бакиева ГКП,,,Муниципальная,3.0
446,МКОУ Ст.Карланюртовская СОШ ГКП,,,Муниципальная,22.0
447,МКОУ Борагангечувская СОШ ГКП,,,Муниципальная,24.0
448,МКОУ Эндирейская СОШ № 1 ГКП,,,Муниципальная,36.0
449,МКОУ Кадыротарская СОШ ГКП,,,Муниципальная,8.0
450,МКОУ Кемсиюртовская СОШ ГКП,,,Муниципальная,20.0
451,МКОУ Солнечная СОШ ГКП,,,Муниципальная,48.0
452,МБДОУ ДС Родничок с.Новосельское,139.0,,Муниципальная,139.0
453,МКОУ Курушская СОШ № 2 им. Я.С.Аскандарова ГКП,,,Муниципальная,22.0
454,МКОУ Карланюртовская СОШ им. А.Д.Шихалиева ГКП,,,Муниципальная,60.0
455,МКОУ Петраковская СОШ ГКП,,,Муниципальная,37.0
456,МКОУ Аксайская СОШ № 2 им. Х.Г.Магидова ГКП,,,Муниципальная,14.0
457,МКОУ Моксобская СОШ им. ОГ.М.Шахтаманова ГКП,,,Муниципальная,7.0
458,МКОУ Генжеаульская СОШ им. М.М.Зумаева ГКП,,,Муниципальная,18.0
459,МКОУ Первомайская СОШ им.И.Г.Исакова ГКП,,,Муниципальная,30.0
460,МКОУ Теречная СОШ ГКП,,,Муниципальная,30.0
461,МКОУ Темираульская СОШ им. Б.Ш.Баймурзаева ГКП,,,Муниципальная,50.0
462,МКОУ Аджимажагатюртовская СОШ ГКП,,,Муниципальная,10.0
463,МКОУ Новогагатлинская СОШ им. Х.С.Салимова ГКП,,,Муниципальная,59.0
464,МКОУ Гоксувотарская СОШ ГКП,,,Муниципальная,15.0
465,МКОУ Казмааульская СОШ ГКП,,,Муниципальная,29.0
466,МБДОУ ДС Восточное с. Восточный г.Хасавюрт,260.0,,Муниципальная,260.0
467,МБДОУ ДС Ромашка с.Костек,130.0,,Муниципальная,130.0
468,МКОУ Пятилеткинская СОШ ГКП,,,Муниципальная,21.0
469,МКОУ Новосельская СОШ ГКП,,,Муниципальная,33.0
470,МКОУ Адильотарская СОШ ГКП,,,Муниципальная,32.0
471,МБДОУ ДС Ивушка с.Аксай,165.0,,Муниципальная,165.0
472,МКОУ Советская СОШ им. Ш.Т.Амичева ГКП,,,Муниципальная,21.0
473,МБДОУ ДС Солнышко г.Хасавюрт,429.0,,Муниципальная,429.0
474,МКОУ Новосаситлинская СОШ ГКП,,,Муниципальная,18.0
475,МБДОУ ДС Теремок с.Тотурбийкала,,,Муниципальная,180.0
476,МБДОУ ДС Сказка с.Бамматюрт,185.0,,Муниципальная,185.0
477,МКОУ Хамавюртовская СОШ им.А.М.Аджиева ГКП,,,Муниципальная,72.0
478,МБДОУ ДС Радуга с.Новогагатли,171.0,,Муниципальная,171.0
479,МБДОУ ДС Седа с.Солнечное,287.0,,Муниципальная,287.0
480,МКОУ Тукитинская СОШ ГКП,,,Муниципальная,9.0
481,МКОУ Гимназия Культуры мира им. А.Д.Адилсолтанова ГКП,,,Муниципальная,53.0
482,МБДОУ ДС Улыбка с.Кокрек,297.0,,Муниципальная,297.0
483,МКОУ Тотурбийкалинская СОШ гкп,,,Муниципальная,18.0
484,МБДОУ ДС Звездочка с.Новый Костек,,,Муниципальная,142.0
485,МКОУ Эндирейская СОШ № 2 ГКП,,,Муниципальная,7.0
486,МКОУ Османюртовская СОШ ГКП,,,Муниципальная,50.0
487,МКОУ Бамматюртовская СОШ ГКП,,,Муниципальная,10.0
488,МКОУ Сулевкентская СОШ им.С.А.Абдулаева ГКП,,,Муниципальная,31.0
489,МКОУ Садовая СОШ ГКП,,,Муниципальная,13.0
490,МКОУ Покровская СОШ ГКП,,,Муниципальная,60.0
491,МКОУ Октябрьская СОШ ГКП,,,Муниципальная,33.0
492,МКОУ Муцалаульская СОШ № 2 ГКП,,,Муниципальная,38.0
493,МКОУ Могилевская СОШ им. Н.У.Азизова ГКП,,,Муниципальная,55.0
494,МКОУ Кокрекская СОШ ГКП,,,Муниципальная,28.0
495,МКОУ Кандаураульская СОШ им. О.К.Кандаурова ГКП,,,Муниципальная,25.0
496,МКОУ Ичичалинская СОШ им. Б.Г.Битарова ГКП,,,Муниципальная,15.0
497,МКОУ Байрамаульская СОШ ГКП,,,Муниципальная,47.0
498,МКОУ Чагаротарская СОШ им.А.И.Исмаилова ГКП,,,Муниципальная,54.0
499,МКОУ Боташюртовская СОШ им.Б.Т.Ахаева ГКП,,,Муниципальная,51.0
500,МКОУ Муцалаульская СОШ № 1 им.А.Я.Абдуллаева гкп,,,Муниципальная,90.0
501,МКОУ Акбулатюртовская СОШ ГКП,,,Муниципальная,11.0
502,МКОУ Новокостекская СОШ ГКП,,,Муниципальная,75.0
503,МКОУ Курушская СОШ № 1 им. А.Б.Айдунова ГКП,,,Муниципальная,47.0
504,МКОУ Ботаюртовская СОШ им. Н.П.Жердева ГКП,,,Муниципальная,34.0
505,МКОУ Шагадинская СОШ ГКП,,,Муниципальная,25.0
506,МКОУ Дзержинская СОШ ГКП,,,Муниципальная,19.0
507,МБДОУ ДС Салам с.Новосасетли,120.0,,Муниципальная,120.0
508,МБДОУ ДС Ласточка с.Эндирей,,,Муниципальная,184.0
509,МКДОУ  Детский сад Аленушка с.Новокаракюре,79.0,,Муниципальная,79.0
510,МКДОУ Детский сад Ласточка с.Усухчай,,,Муниципальная,111.0
511,МКОУ Курушская СОШ гкп,,,Муниципальная,13.0
512,МКДОУ Детский сад Солнышко с.Мискинджа,60.0,,Муниципальная,60.0
513,МКДОУ Венера с.Микрах деят. приост.,0.0,,Муниципальная,0.0
514,МКДОУ Звездочка с. Авадан на кап. рем.,,,Муниципальная,0.0
515,МКОУ Аваданская СОШ гкп,,,Муниципальная,51.0
516,МКОУ Каракюринская СОШ гкп,,,Муниципальная,11.0
517,МКОУ Микрахказмалярская СОШ гкпдеят. приост.,,,Муниципальная,0.0
518,МКДОУ  Детский сад Бахча с. Килер,101.0,,Муниципальная,101.0
519,МКОУ Гимназия Культуры мира с.Гуни гкп,,,Муниципальная,13.0
520,МКДОУ Дс Лачен с.Гертма,80.0,,Муниципальная,80.0
521,МКДОУ Дс Чебурашка с.Ленинаул,170.0,,Муниципальная,170.0
522,МКДОУ ЦРР  Дс №1 Сказка с.Дылым,292.0,,Муниципальная,292.0
523,МКОУ Ленинаульская  СОШ №1  имени Героя СССР Х.Нурадилова гкп,,,Муниципальная,34.0
524,МКДОУ Дс Колокольчик Калининаул,205.0,,Муниципальная,205.0
525,МКДОУ Дс Солнышко с.Инчха,135.0,,Муниципальная,135.0
526,МКДОУ ЦРР Детский сад №3 Журавушка с.Дылым,292.0,,Муниципальная,292.0
527,МКДОУ Детский сад Радуга с.Ленинаул,,,Муниципальная,255.0
528,МКДОУ Дс №2 Солнышко пгт.Дубки,143.0,,Муниципальная,143.0
529,МКДОУ Дс №1 Ромашка пгт.Дубки,160.0,,Муниципальная,160.0
530,МКДОУ Дс Улыбка с.Гуни,143.0,,Муниципальная,143.0
531,МКДОУ Дс общеразвивающего вида №2 Светлячок с.Дылым,166.0,,Муниципальная,166.0
532,МКДОУ Дс Ласточка с.Хубар,80.0,,Муниципальная,80.0
533,МКДОУ Детский сад  Колобок с.Алмак,75.0,,Муниципальная,75.0
534,МКДОУ Детский сад имени  Гаджи Махачева,70.0,,Муниципальная,70.0
535,МКОУ Калининаульская СОШ имени Героя России Гайирханова М.М. ГКП,,,Муниципальная,34.0
536,МКОУ Гертминская СОШ им. Абдулмуслимова М.А. ГКПреконстр.,,,Муниципальная,14.0
537,МКОУ Киркинская СОШ им. Аликберова Г.А. ГКПдеят.приост.,,,Муниципальная,8.0
538,МКДОУ ДС Чебурашка с.Оружба,62.0,,Муниципальная,62.0
539,МКДОУ ДС Ласточка с.Советское,113.0,,Муниципальная,113.0
540,МКОУ ЧахчахКазмалярская СОШ им. М.М.Мерзаметова ГКП,,,Муниципальная,28.0
541,МКОУ Целегюнская СОШ ГКПдеят.приост.,,,Муниципальная,11.0
542,МКОУ Советская СОШ ГКПдеят.приост.,,,Муниципальная,30.0
543,МКОУ Картасказмалярская СОШ ГКПдеят.приост.,,,Муниципальная,19.0
544,МКОУ Ярагказмалярская СОШ им. М.Ярагского ГКП,,,Муниципальная,42.0
545,МКОУ БутКазмалярская СОШ ГКП,,,Муниципальная,32.0
546,МКДОУ ДС Русалочка с.Приморское,,,Муниципальная,44.0
547,МКДОУ ДС Ромашка с.Новый Аул,26.0,,Муниципальная,26.0
548,МКДОУ ДС Родничок с.Азадоглы,25.0,,Муниципальная,25.0
549,МКОУ Новоаульская СОШ им. Исмаилова Т. ГКП,,,Муниципальная,34.0
550,МКОУ Тагиркентказмалярская СОШ ГКП,,,Муниципальная,28.0
551,МКОУ Хорельская СОШ ГКПдеят.приост.,,,Муниципальная,10.0
552,МКОУ Приморская ООШ ГКП деят. приост.,,,Муниципальная,0.0
553,МКДОУ ДС Колобок с.Кирка,61.0,,Муниципальная,61.0
554,МКОУ Кчунказмалярская СОШ ГКП,,,Муниципальная,15.0
555,МКОУ Ходжаказмалярская СОШ им. М.К.Казиева ГКП,,,Муниципальная,7.0
556,МКОУ Гильярская СОШ ГКП,,,Муниципальная,21.0
557,МКДОУ ДС Теремок с.Магарамкент,83.0,,Муниципальная,83.0
558,МКОУ Кличханская ООШ ГКП,,,Муниципальная,4.0
559,МКОУ Оружбинская СОШ ГКПдеят.приост.,,,Муниципальная,24.0
560,МКОУ Мугерганская СОШ ГКПдеят.приост.,,,Муниципальная,9.0
561,МКДОУ ДС Сказка с.Гапцах,117.0,,Муниципальная,117.0
562,МКДОУ ДС Красная шапочка с.Советское,65.0,,Муниципальная,65.0
563,МКДОУ ДС Золушка с.Бут,65.0,,Муниципальная,65.0
564,МКДОУ ДС Солнышко с.Магарамкент,251.0,,Муниципальная,251.0
565,МКДОУ ДС Радуга с.Гильяр,60.0,,Муниципальная,60.0
566,МКДОУ ДС Дюймовочка с.Картасказмаляр,50.0,,Муниципальная,50.0
567,МКДОУ ДС Соколенок с.ТагиркентКазмаляр,70.0,,Муниципальная,70.0
568,МКОУ Магарамкентская СОШ №2 ГКП,,,Муниципальная,14.0
569,МКОУ Хутунказмалярская ООШ ГКП,,,Муниципальная,24.0
570,МКОУ Билбильская СОШ им. М.Абдуллаева ГКП,,,Муниципальная,28.0
571,МКДОУ ДС Звездочка с.ТагиркентКазмаляр,20.0,,Муниципальная,20.0
572,МКДОУ ДС Билбил с.Билбиль,43.0,,Муниципальная,43.0
573,МКОУ Магарамкентская СОШ №1 им. М.Гаджиева гкп,,,Муниципальная,44.0
574,МКДОУ ДС Улыбка с.Ярагказмаляр,134.0,,Муниципальная,134.0
575,МКОУ  Гапцахская СОШ им. Т.Н.Нагиева ГКП,,,Муниципальная,23.0
576,МКОУ Филялинская СОШ ГКП,,,Муниципальная,21.0
577,МКОУ Тагиркентская ООШ ГКПдеят.приост.,,,Муниципальная,7.0
578,МКДОУ ДС Лесная с.Самур,20.0,,Муниципальная,20.0
579,МКДОУ ДС Буратино с.Куйсун,60.0,,Муниципальная,60.0
580,МКДОУ ДС Алнушка с.Филя,91.0,,Муниципальная,91.0
581,МКОУ Ярукваларская основная общеобразовательная школа ГКП,,,Муниципальная,6.0
582,МКОУ Азадоглынская СОШ ГКПдеят.приост.,,,Муниципальная,18.0
583,МКОУ Куйсунская СОШ ГКП,,,Муниципальная,28.0
584,МКОУ Джепельская ООШ ГКП,,,Муниципальная,9.0
585,МКОУ Самурская СОШ ГКП,,,Муниципальная,45.0
586,МКОУ Гарахская ООШ ГКПдеят.приост,,,Муниципальная,0.0
587,МКОУ Капирказмалярская СОШ ГКП,,,Муниципальная,32.0
588,МКДОУ ДС № 10 города Буйнакска,94.0,,Муниципальная,94.0
589,МКОУ СОШ №10 предшкольная подготовка Солнечный круг г.Буйнакск,107.0,,Муниципальная,107.0
590,МКДОУ ЦРР  ДС№ 16 Журавлик г.Буйнакска,212.0,,Муниципальная,212.0
591,МКДОУ ДС № 9 Радуга г.Буйнакска,76.0,,Муниципальная,76.0
592,МКДОУ ДС № 3 Вишенка г.Буйнакска,215.0,,Муниципальная,215.0
593,МКДОУ ЦРР  ДС№ 8 г. Буйнакска,,,Муниципальная,283.0
594,МКДОУ ЦРР  ДС№ 5 Ветерок г.Буйнакска,165.0,,Муниципальная,165.0
595,МКДОУ ДС № 7 Ласточка  г.Буйнакска,86.0,,Муниципальная,86.0
596,МКДОУ ЦРР  ДС№ 19 Соколенок г.Буйнакскадеят.приост.,,,Муниципальная,197.0
597,МКДОУ ЦРР  ДС№ 17 города Буйнакска,193.0,,Муниципальная,193.0
598,МКДОУ ЦРР  ДС№ 14 города Буйнакска,175.0,,Муниципальная,175.0
599,МКДОУ Детский сад №20 г.Буйнакска ДК,,,Муниципальная,308.0
600,МБДОУ ЦРР ДС №1 Светлячок г.Буйнакска,469.0,,Муниципальная,469.0
601,МКДОУ ЦРР  ДС№ 13 города Буйнакска,160.0,,Муниципальная,160.0
602,МКДОУ ДС № 18 Солнышко г.Буйнакска,106.0,,Муниципальная,106.0
603,МКДОУ ДС № 15 города Буйнакска,101.0,,Муниципальная,101.0
604,МКДОУ ДС № 4 города Буйнакска,11.0,,Муниципальная,11.0
605,МКДОУ ЦРР  ДС№ 12 города Буйнакска,182.0,,Муниципальная,182.0
606,МКДОУ ДС № 11 Сказка г.Буйнакска,361.0,,Муниципальная,361.0
607,МКДОУ ЦРР  ДС№ 6 Гнездышко г.Буйнакска,246.0,,Муниципальная,246.0
608,МБДОУ Детский сад №1 Родничок,186.0,,Муниципальная,186.0
609,МБДОУ Детский сад № 3 Улыбка,321.0,,Муниципальная,321.0
610,МБДОУ ДС №6 Орленок,,,Муниципальная,135.0
611,МБДОУ детский сад №4 Соколенок,274.0,,Муниципальная,274.0
612,МБДОУ Детский сад №2 Изюминка,180.0,,Муниципальная,180.0
613,МБДОУ ДС № 5 Дружба,215.0,,Муниципальная,215.0
614,МБДОУ № 25 Золушка,190.0,,Муниципальная,190.0
615,МБДОУ № 6ликвид.,,,Муниципальная,48.0
616,МБДОУ № 3,90.0,,Муниципальная,90.0
617,МБДОУ ЦРР № 2 Горяночка,93.0,,Муниципальная,93.0
618,МБДОУ № 16 Чебурашка,167.0,,Муниципальная,167.0
619,МБДОУ №13 Незабудка,,,Муниципальная,168.0
620,МБДОУ ЦРР № 33 Русалочка,172.0,,Муниципальная,172.0
621,МБДОУ № 19 Паровозик,159.0,,Муниципальная,159.0
622,МБДОУ № 1,126.0,,Муниципальная,126.0
623,МБДОУ № 9 Счастливое детство,176.0,,Муниципальная,176.0
624,МБДОУ ДС №24 Пчелка рон Аэропорт,,,Муниципальная,62.0
625,МБДОУ № 17,39.0,,Муниципальная,39.0
626,МБДОУ № 5 Надежда,99.0,,Муниципальная,99.0
627,МБДОУ ЦРР № 30 Улыбка,483.0,,Муниципальная,483.0
628,МБДОУ ЦРР № 14 Ласточка,344.0,,Муниципальная,344.0
629,МБДОУ ЦРР № 11 Петушок,253.0,,Муниципальная,253.0
630,МБДОУ № 7 Улдуз,142.0,,Муниципальная,142.0
631,МБДОУ № 29 Колокольчик,127.0,,Муниципальная,127.0
632,МБДОУ № 12 Теремок,164.0,,Муниципальная,164.0
633,МБДОУ № 10 Дюймовочка,203.0,,Муниципальная,203.0
634,МБДОУ № 21 Аленький цветок,372.0,,Муниципальная,372.0
635,МБДОУ Прогимназия №18,117.0,,Муниципальная,117.0
636,МБДОУ № 23,255.0,,Муниципальная,255.0
637,МБДОУ ЦРР № 22,141.0,,Муниципальная,141.0
638,МБДОУ № 8 Радуга,130.0,,Муниципальная,130.0
639,МБДОУ Прогимназия №15,168.0,,Муниципальная,168.0
640,МБДОУ ЦРР № 4 Василек,136.0,,Муниципальная,136.0
641,МБДОУ № 31 Росинкаликвид.,,,Муниципальная,95.0
642,МБДОУ ЦРР № 28,318.0,,Муниципальная,318.0
643,МБДОУ ЦРР № 20 Аленушка,338.0,,Муниципальная,338.0
644,МКДОУ Детский сад №14,111.0,,Муниципальная,111.0
645,МКДОУ Детский сад №3,95.0,,Муниципальная,95.0
646,МКДОУ ЦРРДетский сад №8,376.0,,Муниципальная,376.0
647,МКДОУ Детский сад №2,139.0,,Муниципальная,139.0
648,МКДОУ Детский сад №4,132.0,,Муниципальная,132.0
649,МКДОУ ЦРРДетский сад №11,439.0,,Муниципальная,439.0
650,МКОУ СОШ №2 гкп деят. приост.,0.0,,Муниципальная,0.0
651,МКОУ СОШ №10 гкп деят. приост.,0.0,,Муниципальная,0.0
652,МКДОУ Детский сад №13,120.0,,Муниципальная,120.0
653,МКОУ СОШ №12 гкп  деят. приост.,0.0,,Муниципальная,0.0
654,МКДОУ Детский сад №6,206.0,,Муниципальная,206.0
655,МКДОУ Детский сад №1,140.0,,Муниципальная,140.0
656,МКДОУ Детский сад №10,479.0,,Муниципальная,479.0
657,МКДОУ ЦРРДетский сад №12 Пчелка,409.0,,Муниципальная,409.0
658,МКДОУ дс № 12,159.0,,Муниципальная,159.0
659,МКДОУ дс № 8,101.0,,Муниципальная,101.0
660,МКДОУ ЦРР  дс № 11,,,Муниципальная,320.0
661,МКДОУ ЦРР  дс №5,288.0,,Муниципальная,288.0
662,МКОУ Прогимназия Ласточка,198.0,,Муниципальная,198.0
663,МКДОУ ЦРРдс № 6,135.0,,Муниципальная,135.0
664,МКДОУ дс №7 Дюймовочка,147.0,,Муниципальная,147.0
665,МКДОУ дс №14 Радуга мкр. Черемушки,,,Муниципальная,334.0
666,МКОУ МПЛ №2  им. С.М.Кирова гкпдеят. приост.,,,Муниципальная,0.0
667,МКДОУ дс №10,152.0,,Муниципальная,152.0
668,МКДОУ дс № 2 Березка,86.0,,Муниципальная,86.0
669,МКДОУ дс №13 Светлячок,174.0,,Муниципальная,174.0
670,МКДОУ дс № 9 Красная шапочка,105.0,,Муниципальная,105.0
671,МКДОУ дс № 3 Тополк,165.0,,Муниципальная,165.0
672,МКОУ Кизлярская гимназия №6 им. А.С.Пушкина гкпдеят. приост.,,,Муниципальная,0.0
673,МКДОУ дс № 1 Синяя птица,172.0,,Муниципальная,172.0
674,МКДОУ дс № 4 Крепыш,337.0,,Муниципальная,337.0
675,МКУДО Детский сад №5 Солнышко г.ЮжноСухокумск,206.0,,Муниципальная,206.0
676,МКУДО Детский сад №3 Ромашка г.ЮжноСухокумск,190.0,,Муниципальная,190.0
677,МКУДО Детский сад №2 Ивушка г.ЮжноСухокумск,205.0,,Муниципальная,205.0
678,МКОУ Новочуртахская СОШ №2 ГКП,,,Муниципальная,24.0
679,МКОУ Гамияхская СОШ №1 ГКП,,,Муниципальная,18.0
680,МКОУ Чаравалинская СОШ ГКП,,,Муниципальная,18.0
681,МКДОУ Детский сад Сказка с.Новолакское,,,Муниципальная,165.0
682,МКДОУ Детский сад Дюймовочка с. Новокули дошк. гр. при  МОУ Новокули СОШ №1,54.0,,Муниципальная,54.0
683,МКОУ Новочуртахская СОШ №1 ГКП,,,Муниципальная,14.0
684,МКОУ Дучинская СОШ № 2 ГКП,,,Муниципальная,10.0
685,МКОУ Новолакская СОШ №1 гкп,,,Муниципальная,15.0
686,МКОУ Банайюртовская СОШ ГКП,,,Муниципальная,21.0
687,МКОУ Тухчарская СОШ №1 ГКПдеят. приост.,,,Муниципальная,0.0
688,МКОУ Тухчарская СОШ ГКП,,,Муниципальная,5.0
689,МКОУ Новокулинская СОШ №2 им Аметхана Султана ГКП,,,Муниципальная,46.0
690,МКДОУ Детский сад Солнышко с.Чапаево,,,Муниципальная,195.0
691,МКДОУ Детский сад Радуга с.Новочуртах,85.0,,Муниципальная,85.0
692,МКОУ Новомехельтинская СОШ ГКП,,,Муниципальная,1.0
693,МКОУ Гамияхская СОШ ГКП,,,Муниципальная,4.0
694,МКОУ Ямансуйская СОШ ГКП,,,Муниципальная,30.0
695,МКОУ Ахарская СОШ ГКП,,,Муниципальная,7.0
696,МКОУ Гамияхская СОШ №2 ГКП,,,Муниципальная,16.0
697,МБДОУ Детский сад Буратино с.Новолакское,215.0,,Муниципальная,215.0
698,МКОУ Тухчарская ООШ ГКП,,,Муниципальная,27.0
699,МКОУ Шушинская СОШ ГКП,,,Муниципальная,8.0
700,МКОУ Чапаевская СОШ №1 ГКП,,,Муниципальная,9.0
701,МКОУ Новокулинская СОШ №1 гкп,,,Муниципальная,13.0
702,МКОУ Барчхойотарская СОШ ГКП,,,Муниципальная,28.0
703,МКДОУ Детский сад Радуга №1 с.Новочуртах Новострой,,,Муниципальная,115.0
704,МБДОУ с.Усемикент,117.0,,Муниципальная,117.0
705,МБОУ Каякентская СОШ № 1 гкп,,,Муниципальная,15.0
706,МБДОУ с. Первомайское,114.0,,Муниципальная,114.0
707,МБДОУ с.Башлыкент,132.0,,Муниципальная,132.0
708,МБДОУ Чебурашка с.Новокаякент,238.0,,Муниципальная,238.0
709,МБДОУ с. Дружба,196.0,,Муниципальная,196.0
710,МБДОУ Солнышко с.Каякент,,,Муниципальная,263.0
711,МБДОУ с. Герга,59.0,,Муниципальная,59.0
712,МБОУ Новокаякентская СОШ ГКПдеят. приостан,,,Муниципальная,0.0
713,МБДОУ Детский сад Радуга с.Первомайское ,,,Муниципальная,193.0
714,МБДОУ №1 с.Алходжакент,67.0,,Муниципальная,67.0
715,МБОУ Дружбинская СОШ ГКПдеят. приост.,,,Муниципальная,0.0
716,МБДОУ Соколенок с.Каранайаул,177.0,,Муниципальная,177.0
717,МБДОУ с. Утамыш,39.0,,Муниципальная,39.0
718,МБОУ Гергинская СОШ ГКПдеят.приост.,,,Муниципальная,15.0
719,МБДОУ №2 с.Алходжакент,35.0,,Муниципальная,35.0
720,МБОУ Новокаякентская начальная школадетский сад,84.0,,Муниципальная,84.0
721,МБДОУ Юлдуз с.Каякент,455.0,,Муниципальная,455.0
722,МКДОУ Дсад Колосок с.Буртихан,24.0,,Муниципальная,24.0
723,МКДОУ Дсад Белоснежка с.Дулдуг,29.0,,Муниципальная,29.0
724,МКДОУ Детский сад Улыбка с. Фите,,,Муниципальная,22.0
725,МУДОУ Детский сад Родничок с.Худиг,,,Муниципальная,26.0
726,МКДОУ Дсад Радуга с.Хутхул,36.0,,Муниципальная,36.0
727,МКДОУ Дсад Сказка Рича,25.0,,Муниципальная,25.0
728,МКДОУ Дсад Солнышко с.Тпиг,,,Муниципальная,146.0
729,МКДОУ ДС Орленок с.Кака,,,Муниципальная,80.0
730,МКОУ ДО Хрюгский детский сад Соколенок,80.0,,Муниципальная,80.0
731,МКОУ ДОД №3 Ахтынский дс Рассвет,59.0,,Муниципальная,59.0
732,МКУ ДОД Ахтынский детский сад Солнышко,137.0,,Муниципальная,137.0
733,МКУ ДОД Ахтынский детский сад Юный космонавт,250.0,,Муниципальная,250.0
734,МКДОУ Улыбка с.Муни,82.0,,Муниципальная,82.0
735,МКОУ Миарсинская СОШ ГКПдеят.приост.,,,Муниципальная,8.0
736,МКОУ Хелетуринская СОШ  ГКПдеят.приост.,,,Муниципальная,5.0
737,МКДОУ Светлячок с.Анди,114.0,,Муниципальная,114.0
738,МКДОУ Детский сад Золотой ключик с.Ботлих ,,,Муниципальная,80.0
739,МКДОУ Ласточка с.Рахата,165.0,,Муниципальная,165.0
740,МКОУ Тасутинская ООШ им. М.Асадулаева ГКПдеят. приост.,,,Муниципальная,0.0
741,МКДОУ Чебурашка с.Ботлих,185.0,,Муниципальная,185.0
742,МКОУ Ортоколинская СОШ ГКПдеят.приост.,,,Муниципальная,7.0
743,МКДОУ Солнышко с.Ботлих,199.0,,Муниципальная,199.0
744,МКОУ Кижанинская ООШ гкпдеят.приост.,,,Муниципальная,8.0
745,МКДОУ Журавлик с.Шодрода,24.0,,Муниципальная,24.0
746,МКДОУ Сказка с.Ашали,20.0,,Муниципальная,20.0
747,МКДОУ Звездочка с.Тандо,36.0,,Муниципальная,36.0
748,МКДОУ Ромашка с.Алак,43.0,,Муниципальная,43.0
749,МКОУ Кванхидатлинская ООШ  ГКПдеят.приост.,,,Муниципальная,6.0
750,МКОУ Рикванинская СОШ ГКПдеят.приост.,,,Муниципальная,10.0
751,МКДОУ Орленок с.Зило,20.0,,Муниципальная,20.0
752,МКОУ НижнеИнхеловская ООШ  ГКПдеят.приост.,,,Муниципальная,13.0
753,МКДОУ Радуга с.Тлох,78.0,,Муниципальная,78.0
754,МКОУ Чанковская СОШ ГКПдеят.приост.,,,Муниципальная,6.0
755,МКДОУ Детский сад Родничок с.Ботлих,,,Муниципальная,130.0
756,МКДОУ Орленок с.Гагатли,87.0,,Муниципальная,87.0
757,МКДОУ Аист с.Ансалта,144.0,,Муниципальная,144.0
758,МКДОУ Детсад Теремок с.Годобери,,,Муниципальная,68.0
759,МБОУ Чиркейский образовательный центр им.А.Омарова,68.0,,Муниципальная,68.0
760,МБДОУ Детский сад Берхи  с. Чанкурбе,,,Муниципальная,47.0
761,МБДОУ Улыбка с. Чиркей,213.0,,Муниципальная,213.0
762,МКДОУ Родничок с.Эрпели,96.0,,Муниципальная,96.0
763,МКДОУ Радуга с.Нижнее Казанище,124.0,,Муниципальная,124.0
764,МБДОУ Юлдуз с.Нижний Дженгутай,190.0,,Муниципальная,190.0
765,МБДОУ Радуга с.Верхнее Казанище,183.0,,Муниципальная,183.0
766,МБДОУ Ромашка с. Буглен,116.0,,Муниципальная,116.0
767,МКДОУ Ласточка с.Атланаул,107.0,,Муниципальная,107.0
768,МБДОУ Журавлик с. Халимбекаул,,,Муниципальная,87.0
769,МБДОУ Пчлка с.Карамахи,,,Муниципальная,136.0
770,МБДОУ Сказка с.Нижнее Казанище,,,Муниципальная,339.0
771,МКДОУ Теремок с.Апши,56.0,,Муниципальная,56.0
772,МБДОУ Солнышко с.Нижнее Казанище,140.0,,Муниципальная,140.0
773,МКДОУ Яшлыкъ с.Новый Кумух Кафыркумух,79.0,,Муниципальная,79.0
774,МБДОУ Гбелек с.Халимбекаул,247.0,,Муниципальная,247.0
775,МКДОУ Ласточка с.Манасаул,42.0,,Муниципальная,42.0
776,МКОУ Чалдинская СОШ дошк. группы,11.0,,Муниципальная,11.0
777,МКДОУ Яслисад Пикачо с.Мурада,15.0,,Муниципальная,15.0
778,МКДОУ ДС Ласточка с. Могох,32.0,,Муниципальная,32.0
779,МКДОУ ДС Радуга с. Хвартикуни,26.0,,Муниципальная,26.0
780,МКДОУ ДС Теремок с. Маали,45.0,,Муниципальная,45.0
781,МКДОУ ДС Улыбка с.Кикуни,141.0,,Муниципальная,141.0
782,МКДОУ ДС Ромашка с.Кикуни,145.0,,Муниципальная,145.0
783,МКДОУ ДС Чебурашка с.Аймаки,50.0,,Муниципальная,50.0
784,МКДОУ ДС Дюймовочка с. Кудутль,34.0,,Муниципальная,34.0
785,МКДОУ ДС Солнышко с.Гергебиль,,,Муниципальная,320.0
786,МКДОУ ДС Малыш с. Гергебиль,121.0,,Муниципальная,121.0
787,МКДОУ ДС Нур с. Курми,67.0,,Муниципальная,67.0
788,МКДОУ ДС Звездочка с. Сабнова,,,Муниципальная,101.0
789,МКДОУ ДС Чебурашка пгт. Белиджи,78.0,,Муниципальная,78.0
790,МКДОУ ДС №1 Улыбка с.Геджух,193.0,,Муниципальная,193.0
791,МБДОУ ДС Сказка пгт. Мамедкала 40 м.,,,Муниципальная,67.0
792,МКДОУ ДС Севиндж с.Падар,,,Муниципальная,92.0
793,МКОУ Школасад им.Курбанова С.Д с.Н.Джалган,84.0,,Муниципальная,84.0
794,МКДОУ ДС им. Бабаева Г.О. с.Салик,158.0,,Муниципальная,158.0
795,МКДОУ ДС №2 Ягодка с.Геджух,215.0,,Муниципальная,215.0
796,МКДОУ ДС Солнышко с.Кала,82.0,,Муниципальная,82.0
797,МКДОУ ДС №1 Росинка с.Берикей,159.0,,Муниципальная,159.0
798,МБДОУ ДС №1 с.Хазар,202.0,,Муниципальная,202.0
799,МКДОУ ДС Ласточка с.Чинар,159.0,,Муниципальная,159.0
800,МБДОУ Детский сад Малыш с. Хазар,85.0,,Муниципальная,85.0
801,МКДОУ ДС Ласточка с.Джемикент,90.0,,Муниципальная,90.0
802,МКДОУ ДС Айгюн с. Белиджи,,,Муниципальная,115.0
803,МКДОУ ДС с. Великент,74.0,,Муниципальная,74.0
804,МКДОУ ДС  Юлдуз  пгт.Мамедкала,174.0,,Муниципальная,174.0
805,МКДОУ ДС Клубничка с.Уллутеркеме,76.0,,Муниципальная,76.0
806,МКДОУ ДС Колосок с.Деличобан,91.0,,Муниципальная,91.0
807,МКДОУ Детский сад  с. Татляр,92.0,,Муниципальная,92.0
808,МКДОУ ДС Ална пгт. Белиджи,52.0,,Муниципальная,52.0
809,МКДОУ Детский сад общеразвивающего типа Ласточка с.Акнада,49.0,,Муниципальная,49.0
810,МКДОУ Детский сад общеразвивающего вида Сказка с.Стальское,103.0,,Муниципальная,103.0
811,МКДОУ Детский сад общеразвивающего вида  Звездочка с.Нечаевка,84.0,,Муниципальная,84.0
812,МКДОУ Детский сад общеразвивающего вида Теремок с.Новочиркей,74.0,,Муниципальная,74.0
813,МКДОУ ЦРР Детский сад общеразвивающего вида Тюльпан с ЗубутлиМиатли,102.0,,Муниципальная,102.0
814,МКДОУ Детский сад общеразвивающего вида Соколенок с.Комсомольское,90.0,,Муниципальная,90.0
815,МКДОУ Детский сад общеразвивающего вида Радуга с. Кироваул,53.0,,Муниципальная,53.0
816,МКДОУ Детский сад Дюймовочка с.Султанянгиюрт,212.0,,Муниципальная,212.0
817,МКДОУ Детский сад общеразвивающего вида Малыш с.Чонтаул,51.0,,Муниципальная,51.0
818,МКДОУ Детский сад общеразвивающего вида  Ветерок с.Новочиркей,,,Муниципальная,105.0
819,МКОУ Сумбатлинская ООШ ГКПдеят. приостан.,,,Муниципальная,1.0
820,МКДОУ Вачинский детский сад,32.0,,Муниципальная,32.0
821,МКОУ Цыйшинская СОШ ГКПдеят. приостан.,,,Муниципальная,1.0
822,МКОУ Канинская ООШ ГКПдеят.приост.,,,Муниципальная,6.0
823,МКОУ Каялинская школасад №4 СОШ,16.0,,Муниципальная,16.0
824,МКДОУ Кулинский детский сад,80.0,,Муниципальная,80.0
825,МК ДОУ Хосрехский детский сад,30.0,,Муниципальная,30.0
826,МКОУ Хайхинская школасад ООШ,,,Муниципальная,7.0
827,МКДОУ Вихлинский детский сад,36.0,,Муниципальная,36.0
828,МКОУ Кулинская СОШ №2 гкпдеят.приост.,,,Муниципальная,2.0
829,МКДОУ Солнышко с.Коркмаскала,,,Муниципальная,196.0
830,МКДОУ детский сад Радость с.Коркмаскала,420.0,,Муниципальная,420.0
831,МКОУ Тюбинская СОШ ГКПдеят. приост,,,Муниципальная,0.0
832,МКОУ Кубинская ООШ ГКП,,,Муниципальная,8.0
833,МКОУ Унчукатлинская СОШ гкп,,,Муниципальная,8.0
834,МКОУ Шаринская СОШ ГКП,,,Муниципальная,8.0
835,МКОУ Уринская ООШ ГКПдеят. приост,,,Муниципальная,0.0
836,МКОУ Хурхинская СОШ ГКП,,,Муниципальная,13.0
837,МКОУ Курклинская СОШ ГКП,,,Муниципальная,6.0
838,МКОУ Чуртахская ООШ ГКП,,,Муниципальная,8.0
839,МКДОУ Кумухский дсад,109.0,,Муниципальная,109.0
840,МКДОУ Детский сад Солнышко с.Кумух 60 м.,,,Муниципальная,60.0
841,МКОУ Гельмецкая СОШ гкп,,,Муниципальная,17.0
842,МКОУ Куфинская СОШ гкп,,,Муниципальная,15.0
843,МКОУ Мишлешская СОШ гкп,,,Муниципальная,55.0
844,МКОУ Хлютская СОШ гкп,,,Муниципальная,28.0
845,МКОУ Ихрекская СОШ гкп.,,,Муниципальная,22.0
846,МКОУ Рутульская СОШ №1 им.Гусейнова гкп,,,Муниципальная,39.0
847,МКДОУ ДС Настенька с.Мишлеш,40.0,,Муниципальная,40.0
848,МКОУ Аранская СОШ гкп,,,Муниципальная,23.0
849,МКОУ Рутульская СОШ №2 им. Мирзоева гкп,,,Муниципальная,6.0
850,МКДОУ ДС Солнышко с.Хлют,30.0,,Муниципальная,30.0
851,МКОУ Калинская СОШ гкп,,,Муниципальная,20.0
852,МКОУ Джилихурская СОШ гкп,,,Муниципальная,18.0
853,МКОУ Аракульская СОШ гкп,,,Муниципальная,6.0
854,МКОУ Ихрекская ООШ гкп,,,Муниципальная,0.0
855,МКОУ Цудикская СОШ гкп,,,Муниципальная,9.0
856,МКОУ Кичинская СОШ гкп,,,Муниципальная,13.0
857,МКОУ Лучекская СОШ гкп,,,Муниципальная,9.0
858,МКОУ Дженыхская СОШ гкп,,,Муниципальная,8.0
859,МКОУ Амсарская СОШ гкп,,,Муниципальная,4.0
860,МКОУ Муслахская СОШ гкп,,,Муниципальная,12.0
861,МКОУ Цахурская СОШ гкп,,,Муниципальная,10.0
862,МКОУ НижнеКатрухская СОШ гкп,,,Муниципальная,6.0
863,МКОУ Курдульская ООШ гкп,,,Муниципальная,5.0
864,МКДОУ ДС Радость с.Рутул,74.0,,Муниципальная,74.0
865,МКОУ Микикская СОШ гкп,,,Муниципальная,4.0
866,МКДОУ ДС Улыбка с.Рутул,105.0,,Муниципальная,105.0
867,МКОУ Шиназская СОШ гкп,,,Муниципальная,19.0
868,МКОУ ВерхнеКатрухская СОШ гкп,,,Муниципальная,5.0
869,МКДОУ ДС Орленок с.Ихрек,45.0,,Муниципальная,45.0
870,МКОУ Кининская СОШ гкп,,,Муниципальная,19.0
871,МКДОУ  Детский сад с. Кадиркент на реконстр,23.0,,Муниципальная,23.0
872,МКДОУ Детский сад с.Мургук,,,Муниципальная,93.0
873,МКДОУ  Детский сад №3 с.Сергокала,116.0,,Муниципальная,116.0
874,МКДОУ  Детский сад №4 с.Сергокала,93.0,,Муниципальная,93.0
875,МКДОУ Детский сад с. Краснопартизанск,30.0,,Муниципальная,30.0
876,МКДОУ  Детский сад с. Ванашимахи на реконстр,22.0,,Муниципальная,22.0
877,МКДОУ  Детский сад с. Дегва,17.0,,Муниципальная,17.0
878,МКДОУ  Детский сад с. Бурдеки,31.0,,Муниципальная,31.0
879,МКДОУ  Детский сад с. Нижнемахарги,23.0,,Муниципальная,23.0
880,МКДОУ Детский сад с. Урахи,28.0,,Муниципальная,28.0
881,МКДОУ Детский сад с. Кичигамри,50.0,,Муниципальная,50.0
882,МКОУ Мюрегинская СОШ гкп  деят. приост.,0.0,,Муниципальная,0.0
883,МКДОУ  Детский сад №1 с.Сергокала,127.0,,Муниципальная,127.0
884,МКДОУ Детский сад с. Маммаул,30.0,,Муниципальная,30.0
885,МКДОУ  Детский сад Теремок с. Новое Мугри,20.0,,Муниципальная,20.0
886,МКДОУ Детский сад с. Мюрего,123.0,,Муниципальная,123.0
887,МКДОУ  Детский сад с. Миглакасимахи,20.0,,Муниципальная,20.0
888,МКДОУ Детский сад с. Аялизимахи,23.0,,Муниципальная,23.0
889,МКДОУ Детский сад Олимпийский с.Сергокала,,,Муниципальная,204.0
890,МКДОУ  Детский сад №2 с.Сергокала,69.0,,Муниципальная,69.0
891,МКДОУ Чулатский детский сад Огонек,,,Муниципальная,50.0
892,МКДОУ Гасикский детский сад Жемчужина,25.0,,Муниципальная,25.0
893,МБДОУ Урзигский детский сад Орленок,,,Муниципальная,25.0
894,МКДОУ Цанакский детский сад Улыбка,25.0,,Муниципальная,25.0
895,МКДОУ Турагский детский сад Радуга,50.0,,Муниципальная,50.0
896,МКДОУ Фиргильский детский сад Новичок,24.0,,Муниципальная,24.0
897,МКДОУ Аркитский детский сад Улдуз,50.0,,Муниципальная,50.0
898,МКДОУ Ерсинский детский сад Улдуз,50.0,,Муниципальная,50.0
899,МКДОУ Чурдафский детский сад Ласточка,25.0,,Муниципальная,25.0
900,МКДОУ Татилский детский сад Радуга,75.0,,Муниципальная,75.0
901,МКДОУ Халагский детский сад Солнышко,50.0,,Муниципальная,50.0
902,МКДОУ Гурикский детский сад Солнышко,50.0,,Муниципальная,50.0
903,МКДОУ Хурикский детский сад Радуга,98.0,,Муниципальная,98.0
904,МКДОУ Ханагский детский сад Рубас,50.0,,Муниципальная,50.0
905,МКДОУ Кюрягский детский сад Русалочка,25.0,,Муниципальная,25.0
906,МКДОУ Цалакский детский сад Теремок,50.0,,Муниципальная,50.0
907,МКДОУ Улузский детский сад Звезда,25.0,,Муниципальная,25.0
908,МКДОУ Тинитский детский сад Ручек,50.0,,Муниципальная,50.0
909,МКДОУ Джугдильский детский сад Ласточка,,,Муниципальная,50.0
910,МКДОУ Сиртичский детский сад Солнышко,100.0,,Муниципальная,100.0
911,МКДОУ Дюбекский детский сад Колокольчик,50.0,,Муниципальная,50.0
912,МКДОУ Дарвагский детский сад Улыбка,,,Муниципальная,150.0
913,МКДОУ Марагинский детский сад Радуга,50.0,,Муниципальная,50.0
914,МКДОУ Новолиджинский детский сад Солнышко,25.0,,Муниципальная,25.0
915,МКДОУ Гюхрягский детский сад Чебурашка,25.0,,Муниципальная,25.0
916,МКДОУ Шиленский детский сад Радуга,25.0,,Муниципальная,25.0
917,МКДОУ Ягдыгский детский сад Алнка,49.0,,Муниципальная,49.0
918,МКДОУ Джулджагский детский сад Радость,76.0,,Муниципальная,76.0
919,МКДОУ Гурхунский детский сад Радуга,25.0,,Муниципальная,25.0
920,МКДОУ Бурганкентский детский сад Радугана кап.рем.,,,Муниципальная,0.0
921,МКОУ Гимназия Табасаранского района с. Хучни,318.0,,Муниципальная,318.0
922,МКДОУ Хапильский детский сад Улыбка,25.0,,Муниципальная,25.0
923,МКДОУ Пилигский детский сад Ласточка,50.0,,Муниципальная,50.0
924,МКДОУ Гелинбатанский детский сад Рассвет,26.0,,Муниципальная,26.0
925,МКДОУ Кужникский детский сад Чебурашка,50.0,,Муниципальная,50.0
926,МКДОУ Дагнинский детский сад Заря,24.0,,Муниципальная,24.0
927,МКДОУ Хилипенджикский детский сад Ласточка,50.0,,Муниципальная,50.0
928,МКДОУ Агвалинский детский сад № 2,158.0,,Муниципальная,158.0
929,МКОУ Саситлинская СОШ ГКП,,,Муниципальная,8.0
930,МКОУ Хуштадинская школасад,30.0,,Муниципальная,30.0
931,МКОУ Агвалинская СОШ ГКП,,,Муниципальная,44.0
932,МКОУ Эчединская школасад,31.0,,Муниципальная,31.0
933,МКОУ Кединская  СОШсад ,,,Муниципальная,31.0
934,МКОУ Гадиринская ООШсад,13.0,,Муниципальная,13.0
935,МКОУ Верхнегакваринская школасад,35.0,,Муниципальная,35.0
936,МКОУ ТиссиАхитлинская СОШдетский сад,30.0,,Муниципальная,30.0
937,МКДОУ Тиндинский детский сад,45.0,,Муниципальная,45.0
938,МКДОУ Кочалинский детский сад,32.0,,Муниципальная,32.0
939,МКДОУ Агвалинский детский сад №1,95.0,,Муниципальная,95.0
940,МКОУ Нижнеинхокваринская СОШсад ,,,Муниципальная,30.0
941,МКОУ Хонохская СОШсад,,,Муниципальная,30.0
942,МКДОУ Кванадинский детский сад,38.0,,Муниципальная,38.0
943,МКОУ ГигатлиУрухская ООШ  ГКП,,,Муниципальная,10.0
944,МКОУ Нижнегакваринская школасад,31.0,,Муниципальная,31.0
945,МКОУ Метрадинская СОШсад,,,Муниципальная,30.0
946,МКДОУ Гигатлинский сад,45.0,,Муниципальная,45.0
947,МБДОУ Усишинский детский сад №1,60.0,,Муниципальная,60.0
948,МБДОУ Акушинский детский сад,262.0,,Муниципальная,262.0
949,МКДОУ Мугинский детский сад,60.0,,Муниципальная,60.0
950,МКДОУ Гапшиминский детский сад,60.0,,Муниципальная,60.0
951,МКДОУ ВерхнеМулебкинский детский сад,34.0,,Муниципальная,34.0
952,МБДОУ Тебекмахинский детский сад ,,,Муниципальная,110.0
953,МБДОУ Усишинский детский сад №2,60.0,,Муниципальная,60.0
954,МКДОУ Ашагастальский детский сад,62.0,,Муниципальная,62.0
955,МКДОУ Касумкентский детский сад №3,97.0,,Муниципальная,97.0
956,МКДОУ Касумкентский детский сад №1,91.0,,Муниципальная,91.0
957,МКДОУ Карчагский детский сад,61.0,,Муниципальная,61.0
958,МКДОУ Новомакинский детский сад,119.0,,Муниципальная,119.0
959,МКДОУ Герейхановский детский сад,104.0,,Муниципальная,104.0
960,МКДОУ Сардаркентский детский сад Аманат,,,Муниципальная,48.0
961,МКДОУ Нютюгский детский сад,62.0,,Муниципальная,62.0
962,МКДОУ Куркентский детский сад,69.0,,Муниципальная,69.0
963,МКДОУ Юхаристальский детский сад,82.0,,Муниципальная,82.0
964,МКДОУ Касумкентский детский сад №2,264.0,,Муниципальная,264.0
965,МКДОУ  Ортастальский детский сад,78.0,,Муниципальная,78.0
966,МКДОУ ДС Чубарук с.АшагаСталКазмаляр,,,Муниципальная,148.0
967,МКДОУ Укальский яслисад Тляратинского района,55.0,,Муниципальная,55.0
968,МКДОУ Нурухский детский сад Тляратинского района,,,Муниципальная,15.0
969,МКДОУ Гиндибский детский сад Тляратинского района,15.0,,Муниципальная,15.0
970,МКДОУ Чилдинский детский сад Тляратинского района,12.0,,Муниципальная,12.0
971,МКДОУ Гведышинский детский сад Тляратинского района,15.0,,Муниципальная,15.0
972,МКДОУ Хадияльский детский сад Тляратинского района,14.0,,Муниципальная,14.0
973,МКДОУ Хиндахский детский сад Тляратинского района,15.0,,Муниципальная,15.0
974,МКДОУ Саниортинский детский сад Тляратинского района,15.0,,Муниципальная,15.0
975,МКДОУ Тохординский яслисад Тляратинского района,25.0,,Муниципальная,25.0
976,МКДОУ Камилюхский детский сад Тляратинского района,15.0,,Муниципальная,15.0
977,МКДОУ Кутлабский детский сад Тляратинского района,30.0,,Муниципальная,30.0
978,МКДОУ Нитиицухский детский сад Тляратинского района,,,Муниципальная,15.0
979,МКДОУ Талцухский детский сад Тляратинского района,15.0,,Муниципальная,15.0
980,МКДОУ Хидибский детский сад Тляратинского района,15.0,,Муниципальная,15.0
981,МКДОУ Кардибский детский сад Тляратинского района,15.0,,Муниципальная,15.0
982,МКДОУ Чородинский детский сад Тляратинского района,15.0,,Муниципальная,15.0
983,МКДОУ Никарский детский сад Тляратинского района,15.0,,Муниципальная,15.0
984,МКДОУ Тляратинский яслисад  Тляратинского района Джурмут,,,Муниципальная,140.0
985,МКДОУ Гиндухский детский сад Тляратинского района,15.0,,Муниципальная,15.0
986,МКДОУ Тохотинский детский сад Тляратинского района,15.0,,Муниципальная,15.0
987,МКДОУ Жажадинский детский сад Тляратинского района,15.0,,Муниципальная,15.0
988,МКДОУ Бетельдинский детский сад Тляратинского района,15.0,,Муниципальная,15.0
989,МКДОУ Генеколобский детский сад Тляратинского района,15.0,,Муниципальная,15.0
990,МКДОУ Мазадинский детский сад Тляратинского района,15.0,,Муниципальная,15.0
991,МКДОУ Тлянадинский детский сад Тляратинского района,14.0,,Муниципальная,14.0
992,МКДОУ Роснобский детский сад Тляратинского района,,,Муниципальная,30.0
993,МКДОУ Анцухский детский сад Тляратинского района,15.0,,Муниципальная,15.0
994,МКДОУ Чадаколобский детский сад Тляратинского района,30.0,,Муниципальная,30.0
995,МКДОУ Ландинский детский сад Тляратинского района,15.0,,Муниципальная,15.0
996,МКДОУ Цумилюхский детский сад Тляратинского района,15.0,,Муниципальная,15.0
997,МКДОУ Кособский детский сад Тляратинского района,15.0,,Муниципальная,15.0
